"nodeID","nodeLabel","latitude","longitude","year"
1,"Aeroport","55.800833","37.531111","1938"
2,"Akademicheskaya","55.687778","37.573333","1962"
3,"AlexandrovskySad-Arbatskaya-BibliotekaImeniLenina-Borovitskaya","55.751759","37.608406","1935"
4,"Alexeyevskaya","55.808889","37.638611","1958"
5,"Altufyevo","55.897778","37.586944","1994"
6,"Annino","55.583691","37.596781","2001"
7,"Arbatskaya","55.752133","37.601587","1935"
8,"Aviamotornaya","55.751944","37.719444","1979"
9,"Avtozavodskaya","55.707222","37.6575","1943"
10,"Babushkinskaya","55.869444","37.664444","1978"
11,"Bagrationovskaya","55.743772","37.497725","1961"
12,"Barrikadnaya-Krasnopresnenskaya","55.76048","37.579239","1954"
13,"Baumanskaya","55.773056","37.681667","1944"
14,"Begovaya","55.772893","37.561749","1972"
15,"Belorusskaya","55.776856","37.583845","1938"
16,"Belyayevo","55.642778","37.526111","1974"
17,"Bibirevo","55.884167","37.603056","1992"
18,"BotanicheskySad","55.845","37.638611","1978"
19,"Bratislavskaya","55.66","37.750278","1996"
20,"BulvarAdmiralaUshakova","55.734456","37.718468","2003"
21,"BulvarDmitriyaDonskogo-UlitsaStarokachalovskaya","55.569722","37.576111","2002"
22,"BuninskayaAlleya","55.538056","37.515833","2003"
23,"Chekhovskaya-Pushkinskaya-Tverskaya","55.76467","37.60556","1975"
24,"Cherkizovskaya","55.802778","37.744819","1990"
25,"Chertanovskaya","55.640709","37.605751","1983"
26,"ChistiyePrudy-SretenskyBulvar-Turgenevskaya","55.765492","37.637168","1935"
27,"Chkalovskaya-Kurskaya","55.757918","37.659538","1944"
28,"Dinamo","55.789722","37.558056","1938"
29,"Dmitrovskaya","55.806389","37.581667","1991"
30,"Dobryninskaya-Serpukhovskaya","55.72852","37.623476","1950"
31,"Domodedovskaya","55.610833","37.719722","1985"
32,"Dubrovka","55.717851","37.676557","1995"
33,"Elektrozavodskaya","55.782026","37.705221","1944"
34,"Fili","55.746806","37.513972","1959"
35,"FilyovskyPark","55.739553","37.483306","1961"
36,"Frunzenskaya","55.727222","37.580278","1957"
37,"Izmaylovskaya","55.787778","37.781667","1961"
38,"Kakhovskaya-Sevastopolskaya","55.700343","37.688218","1969"
39,"Kaluzhskaya","55.657222","37.540278","1974"
40,"Kaluzhskaya(closed)","55.658333","37.545278","1964"
41,"Kantemirovskaya","55.635833","37.656111","1984"
42,"Kashirskaya","55.655","37.648611","1969"
43,"Kitay-Gorod","55.755556","37.6325","1971"
44,"Kiyevskaya","55.743398","37.564545","1953"
45,"Kolomenskaya","55.677778","37.663889","1969"
46,"Komsomolskaya","55.776486","37.656169","1935"
47,"Konkovo","55.63333","37.51917","1987"
48,"Kozhukhovskaya","55.706111","37.685278","1995"
49,"KrasniyeVorota","55.768611","37.65","1935"
50,"Krasnogvardeyskaya","55.613889","37.745","1985"
51,"Krasnoselskaya","55.779978","37.666036","1935"
52,"KrestyanskayaZastava-Proletarskaya","55.701944","37.622852","1966"
53,"Kropotkinskaya","55.744975","37.6015","1935"
54,"Krylatskoe","55.756667","37.407778","2008"
55,"Kuntsevskaya","55.730792","37.44593","1965"
56,"Kutuzovskaya","55.739989","37.534","1959"
57,"Kuzminki","55.724403","37.603455","1966"
58,"LeninskyProspekt","55.7075","37.586389","1962"
59,"Lubyanka-KuznetskyMost","55.760284","37.625861","1935"
60,"Lyublino","55.675556","37.761667","1996"
61,"Marksistskaya-Taganskaya","55.741913","37.654898","1950"
62,"Maryino","55.648889","37.743889","1996"
63,"Mayakovskaya","55.77","37.595833","1938"
64,"Medvedkovo","55.887222","37.661389","1978"
65,"Mendeleyevskaya-Novoslobodskaya","55.780788","37.600051","1952"
66,"Mezhdunarodnaya","55.748056","37.532778","2006"
67,"Molodyozhnaya","55.740833","37.416667","1965"
68,"Nagatinskaya","55.682729","37.621819","1983"
69,"Nagornaya","55.672981","37.61076","1983"
70,"NakhimovskyProspekt","55.662918","37.605257","1983"
71,"NoviyeCheryomushki","55.670278","37.554444","1962"
72,"Novogireevo","55.751667","37.817222","1979"
73,"Novokuznetskaya-Tretyakovskaya","55.740972","37.628472","1943"
74,"Novoyasenevskaya","55.601111","37.554167","1990"
75,"OkhotnyiRyad-PloshchadRevolyutsii-Teatralnaya","55.757315","37.618796","1935"
76,"Oktyabrskaya","55.729444","37.611111","1950"
77,"OktyabrskoyePole","55.786613","37.571182","1972"
78,"Orekhovo","55.613056","37.694722","1984"
79,"Otradnoye","55.863056","37.604722","1992"
80,"ParkKultury","55.735218","37.593185","1935"
81,"ParkPobedy","55.736111","37.516667","2003"
82,"Partizanskaya","55.788056","37.752222","1944"
83,"Paveletskaya","55.730556","37.636389","1943"
84,"Pechatniki","55.692927","37.727656","1995"
85,"Perovo","55.751111","37.786667","1979"
86,"Pervomayskaya","55.794444","37.799444","1961"
87,"Pervomayskaya(closed)","55.789444","37.774444","1954"
88,"Petrovsko-Razumovskaya","55.836944","37.574444","1991"
89,"Pionerskaya","55.736028","37.467058","1961"
90,"Planernaya","55.861907","37.435294","1975"
91,"PloshchadIlicha-Rimskaya","55.700017","37.651659","1979"
92,"Polezhaevskaya","55.777553","37.519211","1972"
93,"Polyanka","55.737778","37.618333","1986"
94,"Prazhskaya","55.61189","37.603812","1985"
95,"PreobrazhenskayaPloshchad","55.796111","37.715556","1965"
96,"Profsoyuznaya","55.678056","37.562778","1962"
97,"ProspektMira","55.780833","37.6325","1952"
98,"ProspektVernadskogo","55.676944","37.506111","1963"
99,"RechnoiVokzal","55.854722","37.476111","1964"
100,"Rizhskaya","55.792508","37.636186","1958"
101,"RyazanskiyProspekt","55.736196","37.705078","1966"
102,"Savyolovskaya","55.793611","37.5875","1988"
103,"Semyonovskaya","55.783056","37.722222","1944"
104,"Shabolovskaya","55.719722","37.608889","1980"
105,"Shchukinskaya","55.943048","37.613068","1975"
106,"Shchyolkovskaya","55.809444","37.798611","1963"
107,"ShosseEntuziastov","55.758056","37.749722","1979"
108,"Skhodnenskaya","55.703516","37.592468","1975"
109,"SlavyanskyBulvar","55.7281","37.4705","2008"
110,"Smolenskaya-L4","55.748955","37.582167","1935"
111,"Smolenskaya-L3","55.747733","37.583869","1953"
112,"Sokol","55.804722","37.515278","1938"
113,"Sokolniki","55.789236","37.679661","1935"
114,"Sportivnaya","55.723056","37.563611","1957"
115,"Strogino","55.805278","37.395555","2008"
116,"Studencheskaya","55.738811","37.548397","1959"
117,"Sukharevskaya","55.773056","37.632778","1971"
118,"Sviblovo","55.855278","37.652778","1978"
119,"Tekstilshchiki","55.879933","37.484665","1966"
120,"Timiryazevskaya","55.818056","37.576667","1991"
121,"Trubnaya-TsvetnoyBulvar","55.769584","37.621112","1988"
122,"Tsaritsyno","55.621667","37.669167","1984"
123,"Tulskaya","55.708611","37.6225","1983"
124,"Tushinskaya","55.672164","37.580109","1975"
125,"TyoplyiStan","55.619796","37.505876","1987"
126,"Ulitsa1905Goda","55.764762","37.56137","1972"
127,"UlitsaAkademikaYangelya","55.595721","37.592258","2000"
128,"UlitsaGorchakova","55.542104","37.532921","2003"
129,"UlitsaPodbelskogo","55.814444","37.733889","1990"
130,"UlitsaSkobelevskaya","55.548056","37.554444","2003"
131,"Universitet","55.692","37.533","1959"
132,"Varshavskaya","55.653333","37.619444","1969"
133,"VDNKh","55.822283","37.641494","1958"
134,"Vladykino","55.847222","37.589722","1991"
135,"VodnyStadion","55.839722","37.486389","1964"
136,"VolgogradskyProspekt","55.743734","37.643967","1966"
137,"Volzhskaya","55.690556","37.755556","1995"
138,"VorobyovyGory","55.710544","37.559447","1958"
139,"Voykovskaya","55.819167","37.4975","1964"
140,"Vykhino","55.715804","37.818023","1966"
141,"Vystavochnaya","55.748611","37.538056","2005"
142,"Yasenevo","55.606111","37.533056","1990"
143,"Yugo-Zapadnaya","55.663611","37.482778","1963"
144,"Yuzhnaya","55.622298","37.608994","1983"
1,"Akabane","35.778056","139.720833","1885"
2,"Akabane-Iwabuchi","35.783333","139.722222","1991"
3,"Akabanebashi","35.655003","139.743617","2000"
4,"Akasaka","35.672363","139.736534","1972"
5,"Akasaka-mitsuke","35.677021","139.737047","1938"
6,"Akebonobashi","35.692402","139.722881","1980"
7,"Akihabara","35.69824","139.773731","1890"
8,"Aoyama-itchome","35.672922","139.724278","1938"
9,"Asakusa","35.711944","139.798333","1927"
10,"Asakusabashi","35.697","139.786","1932"
11,"Awajicho","35.695434","139.767575","1956"
12,"Ayase","35.762214","139.824914","1979"
13,"Azabu-Juban","35.654682","139.737051","2000"
14,"Bakuro-yokoyama","35.69212","139.782768","1978"
15,"Baraki-nakayama","35.7032","139.941876","1969"
16,"Chikatetsu-Akatsuka","35.769939","139.644021","1983"
17,"Chikatetsu-Narimasu","35.776557","139.631497","1983"
18,"Daimon","35.656785","139.75466","1964"
19,"Ebisu","35.646643","139.710045","1901"
20,"Edogawabashi","35.709481","139.733538","1974"
21,"Funabori","35.683732","139.864333","1983"
22,"Gaienmae","35.670527","139.717857","1938"
23,"Ginza","35.67123","139.765","1934"
24,"Ginza-itchome","35.674346","139.767047","1974"
25,"Gokokuji","35.718991","139.727573","1974"
26,"Gotanda","35.625855","139.72374","1911"
27,"Gyotoku","35.682558","139.914235","1969"
28,"Hakusan","35.72133","139.752078","1972"
29,"Hamacho","35.688516","139.788154","1978"
30,"Hamamatsucho","35.65523","139.757627","1909"
31,"Hanzomon","35.685692","139.741657","1982"
32,"Harajuku","35.669444","139.7025","1906"
33,"Hasune","35.784174","139.67904","1968"
34,"Hatchobori","35.671327","139.780703","1963"
35,"Heiwadai","35.759","139.654","1983"
36,"Hibiya","35.675114","139.759765","1964"
37,"Higashi-Ginza","35.669464","139.767253","1963"
38,"Higashi-Ikebukuro","35.725228","139.720194","1974"
39,"Higashi-Koenji","35.697802","139.657822","1964"
40,"Higashi-Nakano","35.706","139.686","2000"
41,"Higashi-Ojima","35.690347","139.84596","1978"
42,"Higashi-Shinjuku","35.697922","139.707631","2000"
43,"Higashi-nihombashi","35.692126","139.784821","1962"
44,"Hikarigaoka","35.758526","139.628603","1991"
45,"Hikawadai","35.749822","139.665023","1983"
46,"Hiroo","35.652279","139.722227","1964"
47,"Hon-Komagome","35.724155","139.753828","1996"
48,"Honancho","35.683496","139.656498","1962"
49,"Hongo-Sanchome","35.706671","139.759914","1972"
50,"Honjo-azumabashi","35.708599","139.804652","1960"
51,"Ichigaya","35.691111","139.735556","1895"
52,"Ichinoe","35.686055","139.882934","1986"
53,"Iidabashi","35.701944","139.745","1928"
54,"Ikebukuro","35.730278","139.711389","1903"
55,"Inaricho","35.711352","139.782734","1927"
56,"Iriya","35.720734","139.784542","1962"
57,"Itabashi-honcho","35.761339","139.705535","1968"
58,"Itabashi-kuyakushomae","35.751326","139.710166","1968"
59,"Iwamotocho","35.695534","139.775866","1978"
60,"Jimbocho","35.695492","139.75812","1972"
61,"Kachidoki","35.658507","139.776442","2000"
62,"Kagurazaka","35.703904","139.734238","1964"
63,"Kamiyacho","35.662978","139.745069","1964"
64,"Kanamecho","35.733199","139.698994","1983"
65,"Kanda","35.691731","139.771264","1919"
66,"Kasai","35.663618","139.872486","1969"
67,"Kasuga","35.709637","139.753261","1957"
68,"Kasumigaseki","35.673838","139.750899","1958"
69,"Kayabacho","35.679752","139.780005","1963"
70,"Kiba","35.669457","139.806528","1967"
71,"Kikukawa","35.688379","139.806016","1978"
72,"Kinshicho","35.696","139.814","1984"
73,"Kita-Ayase","35.777053","139.832035","1979"
74,"Kita-Senju","35.749407","139.805102","1962"
75,"Kitasando","35.678611","139.705278","2008"
76,"Kiyosumi-shirakawa","35.682105","139.798851","2000"
77,"Kodenmacho","35.690737","139.778433","1962"
78,"Kojimachi","35.683933","139.737683","1974"
79,"Kokkai-gijido-mae","35.67393","139.745219","1959"
80,"Kokkai-gijidomae","35.67393","139.745219","1959"
81,"Kokuritsu-Kyogijo","35.680059","139.714127","2000"
82,"Komagome","35.736289","139.746995","1910"
83,"Korakuen","35.707337","139.7512","1972"
84,"Kotake-Mukaihara","35.743808","139.678566","1983"
85,"Kudanshita","35.695352","139.75141","1964"
86,"Kuramae","35.703236","139.790931","1960"
87,"Kyobashi","35.6765","139.77","1932"
88,"Machiya","35.7424","139.7816","1969"
89,"Magome","35.596435","139.711772","1968"
90,"Meguro","35.633983","139.716","1923"
91,"Meiji-Jingumae","35.668449","139.705351","1972"
92,"Mejiro","35.720995","139.70688","1885"
93,"Minami-Asagaya","35.699624","139.63576","1961"
94,"Minami-Gyotoku","35.672687","139.902311","1981"
95,"Minami-Senju","35.733336","139.799171","1962"
96,"Minami-Sunamachi","35.668796","139.83065","1969"
97,"Minowa","35.729528","139.79133","1962"
98,"Mita","35.64818","139.748775","1964"
99,"Mitsukoshimae","35.684551","139.774611","1932"
100,"Mizue","35.693318","139.89761","1986"
101,"Monzen-Nakacho","35.671984","139.795787","1967"
102,"Morishita","35.68796","139.797042","1978"
103,"Motohasunuma","35.768782","139.702324","1968"
104,"Motoyawata","35.720837","139.927441","1989"
105,"Myoden","35.691613","139.925017","2000"
106,"Myogadani","35.717305","139.736734","1972"
107,"Nagatacho","35.678747","139.74026","1974"
108,"Naka-Meguro","35.644306","139.699187","1964"
109,"Nakai-Station","35.715065","139.687264","2000"
110,"Nakano","35.706111","139.665556","1966"
111,"Nakano-Sakaue","35.69792","139.68291","2000"
112,"Nakano-fujimicho","35.690514","139.666933","1961"
113,"Nakano-sakaue","35.69792","139.68291","1961"
114,"Nakano-shimbashi","35.692123","139.673997","1961"
115,"Nakanobu","35.605479","139.713679","1968"
116,"Nakaokachimachi","35.706555","139.776202","1962"
117,"Nerima","35.737778","139.653568","1997"
118,"Nerima-Kasugacho","35.751135","139.641058","1991"
119,"Nezu","35.717373","139.765741","1969"
120,"Nihombashi","35.682199","139.774579","1934"
121,"Nijubashimae","35.680366","139.761615","1971"
122,"Ningyocho","35.686307","139.782277","1962"
123,"Nippori","35.727588","139.770781","1905"
124,"Nishi-Funabashi","35.707","139.959","1969"
125,"Nishi-Kasai","35.664528","139.85937","1979"
126,"Nishi-Nippori","35.732135","139.766787","1969"
127,"Nishi-Ojima","35.689349","139.826206","1978"
128,"Nishi-Shinjuku","35.694298","139.692778","1966"
129,"Nishi-Shinjuku-gochome","35.689798","139.684304","2000"
130,"Nishi-Sugamo","35.743508","139.728712","1968"
131,"Nishi-Takashimadaira","35.791938","139.64589","1976"
132,"Nishi-Waseda","35.707222","139.709167","2008"
133,"Nishi-magome","35.586859","139.705942","1968"
134,"Nishidai","35.78699","139.673971","1968"
135,"Nishigahara","35.745902","139.742302","1991"
136,"Nogizaka","35.666572","139.726215","1972"
137,"Ochanomizu","35.699722","139.763889","1956"
138,"Ochiai","35.710742","139.686339","1966"
139,"Ochiai-Minami-Nagasaki","35.723608","139.683303","2000"
140,"Ogawamachi","35.69505","139.76668","1980"
141,"Ogikubo","35.704722","139.62","1962"
142,"Oji","35.7525","139.738056","1991"
143,"Oji-Kamiya","35.765172","139.735933","1991"
144,"OjimaStation","35.689905","139.83565","1978"
145,"Okachimachi","35.707327","139.774847","1925"
146,"Omotesando","35.665148","139.712521","1938"
147,"Onarimon","35.661215","139.751535","1964"
148,"Osaki","35.619375","139.728627","1901"
149,"Oshiage","35.711","139.8133","1960"
150,"Otemachi","35.684801","139.766086","1956"
151,"Otsuka","35.731438","139.728692","1903"
152,"Roppongi","35.662778","139.731389","1964"
153,"Roppongi-itchome","35.665595","139.739","2000"
154,"Ryogoku","35.695739","139.793956","2000"
155,"Sakuradamon","35.677352","139.751775","1974"
156,"Sendagi","35.725549","139.763243","1969"
157,"Sengakuji","35.638689","139.740019","1968"
158,"Sengoku","35.727957","139.744792","1972"
159,"Senkawa","35.738418","139.689157","1983"
160,"Shibakoen","35.654071","139.749838","1973"
161,"Shibuya","35.658514","139.70133","1885"
162,"Shimbashi","35.666301","139.758679","1909"
163,"Shimo","35.777948","139.732599","1991"
164,"Shimura-sakaue","35.775725","139.69538","1968"
165,"Shimura-sanchome","35.777483","139.685903","1968"
166,"Shin-Egota","35.732538","139.670653","2000"
167,"Shin-Itabashi","35.748802","139.719604","1968"
168,"Shin-Koenji","35.697985","139.648068","1961"
169,"Shin-Nakano","35.697491","139.66903","1961"
170,"Shin-Ochanomizu","35.698072","139.766014","1969"
171,"Shin-Okachimachi","35.707055","139.78194","2000"
172,"Shin-Okubo","35.6957","139.7002","1914"
173,"Shin-Otsuka","35.725793","139.729915","1972"
174,"Shin-Takashimadaira","35.790294","139.654267","1976"
175,"Shin-kiba","35.645912","139.826833","1988"
176,"Shinagawa","35.628157","139.739099","1872"
177,"Shinjuku","35.690278","139.700556","1885"
178,"Shinjuku-Nishiguchi","35.693315","139.699155","2000"
179,"Shinjuku-gyoenmae","35.688588","139.71069","1959"
180,"Shinjuku-sanchome","35.690614","139.706267","1959"
181,"Shinozaki","35.706017","139.903698","1986"
182,"Shintomicho","35.669","139.775","1980"
183,"Shiodome","35.662794","139.759839","2002"
184,"Shirokane-Takanawa","35.643184","139.734129","2000"
185,"Shirokane-dai","35.638003","139.726322","2000"
186,"Suehirocho","35.702972","139.771713","1930"
187,"Sugamo","35.733345","139.739496","1968"
188,"Suidobashi","35.702","139.754","1972"
189,"Suitengumae","35.6826","139.7852","1990"
190,"Sumiyoshi","35.689071","139.815651","1971"
191,"Tabata","35.737909","139.761254","1896"
192,"Takadanobaba","35.712778","139.703889","1910"
193,"Takanawadai","35.631679","139.730305","1968"
194,"Takaracho","35.675461","139.771767","1963"
195,"Takashimadaira","35.788833","139.661172","1968"
196,"Takebashi","35.690662","139.756817","1966"
197,"Tamachi","35.645605","139.7477","1909"
198,"Tameike-Sanno","35.673621","139.741419","1997"
199,"Tatsumi","35.645566","139.810526","1988"
200,"Tawaramachi","35.709855","139.7908","1927"
201,"Tocho-mae","35.690551","139.69257","2000"
202,"Todai-mae","35.717633","139.758025","1996"
203,"Togoshi","35.614719","139.716398","1968"
204,"Tokyo","35.680833","139.766944","1914"
205,"Toranomon","35.670236","139.749832","1938"
206,"Toshimaen","35.742073","139.649194","1997"
207,"Toyocho","35.669629","139.817596","1967"
208,"Toyosu","35.654908","139.79621","1988"
209,"Tsukiji","35.668115","139.772603","1963"
210,"Tsukijishijo","35.664895","139.766915","2000"
211,"Tsukishima","35.664353","139.784862","1988"
212,"Uchisaiwaicho","35.66975","139.75561","1973"
213,"Ueno","35.713434","139.776725","1883"
214,"Ueno-Okachimachi","35.707893","139.774332","2000"
215,"Ueno-hirokoji","35.70766","139.772977","1930"
216,"Uguisudani","35.722066","139.777851","1912"
217,"Urayasu","35.665743","139.892937","1969"
218,"Ushigome-Kagurazaka","35.700853","139.735803","2000"
219,"Ushigome-Yanagicho","35.699517","139.725028","2000"
220,"Wakamatsu-kawada","35.699218","139.718184","2000"
221,"Wakoshi","35.788407","139.612885","1934"
222,"Waseda","35.705714","139.722139","1964"
223,"Yotsuya","35.686014","139.730667","1894"
224,"Yotsuya-sanchome","35.687958","139.720103","1959"
225,"Yoyogi","35.683828","139.70232","1906"
226,"Yoyogi-Koen","35.668944","139.691328","1972"
227,"Yoyogi-uehara","35.669051","139.67972","1927"
228,"Yurakucho","35.674877","139.763646","1910"
229,"Yushima","35.708243","139.769916","1969"
230,"Zoshigaya","35.720574","139.715139","2008"
1,"103rdStreet1","40.799419","-73.968158","1904"
2,"103rdStreet46","40.79029","-73.947687","1918"
3,"103rdStreetABC","40.79604","-73.96142","1932"
4,"103rdStreetCoronaPlaza","40.749881","-73.862733","1917"
5,"104thStreet","40.682233","-73.837352","1915"
6,"104thStreetJZ","40.695184","-73.843231","1917"
7,"110thStreet","40.794773","-73.944426","1918"
8,"110thStreetCathedralParkway","40.800524","-73.958244","1932"
9,"111thStreet7","40.751714","-73.855636","1925"
10,"111thStreetA","40.684673","-73.831129","1915"
11,"111thStreetJZ","40.696876","-73.837223","1917"
12,"116thStreet23","40.802","-73.95","1904"
13,"116thStreet46","40.798607","-73.942022","1918"
14,"116thStreetABC","40.804389","-73.955412","1932"
15,"116thStreetColumbiaUniversity","40.808","-73.964","1904"
16,"121stStreet","40.700357","-73.82894","1918"
17,"125thStreet1","40.815","-73.958","1904"
18,"125thStreet23","40.807","-73.945","1904"
19,"125thStreet456","40.804259","-73.937473","1918"
20,"125thStreetABCD","40.810756","-73.952665","1932"
21,"135thStreet23","40.814","-73.941","1904"
22,"135thStreetABC","40.81709","-73.94803","1932"
23,"137thStreetCityCollege","40.821","-73.954","1904"
24,"138thStreetGrandConcourse","40.81303","-73.929963","1918"
25,"145thStreet1","40.826","-73.95","1904"
26,"145thStreet3","40.82","-73.936","1904"
27,"145thStreetABCD","40.82404","-73.944769","1932"
28,"149thStreetGrandConcourse","40.818","-73.927","1905"
29,"14thStreet_EighthAvenue","40.739779","-74.002533","1931"
30,"14thStreet_EighthAvenue","40.739779","-74.002533","1932"
31,"14thStreet123","40.738","-73.999","1918"
32,"14thStreetFV","40.737328","-73.996798","1940"
33,"14thStreetUnionSquare","40.734722","-73.990278","1904"
34,"155thStreetAC","40.830859","-73.9414","1932"
35,"155thStreetBD","40.829917","-73.939104","1933"
36,"157thStreet","40.834","-73.944","1904"
37,"15thStreetProspectPark","40.660544","-73.979983","1933"
38,"161stStreetYankeeStadium","40.827937","-73.925886","1917"
39,"163rdStreetAmsterdamAvenue","40.836866","-73.940134","1932"
40,"167thStreet","40.835665","-73.921337","1917"
41,"168thStreet","40.841022","-73.939791","1906"
42,"169thStreet","40.710638","-73.793063","1937"
43,"170thStreet4","40.840178","-73.917732","1917"
44,"170thStreetBD","40.838814","-73.913741","1933"
45,"174thStreet","40.837","-73.888","1904"
46,"174th175thStreets","40.845892","-73.910179","1933"
47,"175thStreet","40.846541","-73.940091","1932"
48,"176thStreet","40.848619","-73.911767","1917"
49,"181stStreet1","40.849","-73.933","1906"
50,"181stStreetA","40.850891","-73.938289","1932"
51,"182nd183rdStreets","40.856766","-73.900309","1933"
52,"183rdStreet","40.858324","-73.903999","1917"
53,"18thAvenueDM","40.608667","-74.002115","1916"
54,"18thAvenueF","40.629625","-73.976964","1919"
55,"18thAvenueN","40.620019","-73.989444","1915"
56,"18thStreet","40.741","-73.998","1918"
57,"190thStreet","40.858986","-73.93404","1932"
58,"191stStreet","40.855","-73.929","1911"
59,"207thStreet","40.8644","-73.9189","1906"
60,"20thAvenueDM","40.604626","-73.998606","1916"
61,"20thAvenueN","40.617164","-73.984844","1915"
62,"215thStreet","40.869","-73.915","1906"
63,"219thStreet","40.883","-73.863","1917"
64,"21stStreet","40.744591","-73.948674","1933"
65,"21stStreetQueensbridge","40.753954","-73.942451","1989"
66,"225thStreet","40.888","-73.86","1917"
67,"231stStreet","40.879","-73.905","1907"
68,"233rdStreet","40.893","-73.857","1917"
69,"238thStreet","40.885097","-73.900609","1908"
70,"23rdStreet12","40.744","-73.996","1918"
71,"23rdStreet46","40.740169","-73.98644","1904"
72,"23rdStreetACE","40.745274","-73.998499","1932"
73,"23rdStreetElyAvenue","40.747615","-73.945069","1939"
74,"23rdStreetFV","40.742933","-73.992877","1940"
75,"23rdStreetNRW","40.741339","-73.989272","1918"
76,"25thAvenue","40.598607","-73.987352","1916"
77,"25thStreet","40.661165","-73.998778","1915"
78,"28thStreet12","40.747","-73.9935","1918"
79,"28thStreet46","40.74329","-73.984165","1904"
80,"28thStreetNRW","40.745241","-73.988757","1918"
81,"30thAvenue","40.766859","-73.921423","1917"
82,"33rdStreet","40.746389","-73.981944","1904"
83,"33rdStreetRawsonStreet","40.744617","-73.931306","1917"
84,"34thStreetHeraldSquare","40.749338","-73.987985","1918"
85,"34thStreetPennStation123","40.751","-73.991","1918"
86,"34thStreetPennStationACE","40.752166","-73.993521","1932"
87,"36thAvenue","40.756555","-73.929791","1917"
88,"36thStreetDMNR","40.65445","-74.00455","1915"
89,"36thStreetEGRV","40.752036","-73.927903","1933"
90,"39thAvenue","40.752686","-73.932924","1917"
91,"40thStreetLoweryStreet","40.743811","-73.924178","1917"
92,"42ndStreetBryantPark","40.754799","-73.984208","1940"
93,"42ndStreetPortAuthorityBusTerminal","40.757205","-73.98983","1932"
94,"45thRoadCourtHouseSquare","40.747044","-73.945253","1916"
95,"45thStreet","40.649447","-74.009381","1915"
96,"46thStreet","40.756685","-73.914256","1933"
97,"46thStreetBlissStreet","40.743133","-73.918403","1917"
98,"47th50thStreetsRockefellerCenter","40.758603","-73.981376","1940"
99,"49thStreet","40.760423","-73.983779","1919"
100,"50thStreet12","40.761","-73.984","1904"
101,"50thStreetACE","40.762276","-73.986139","1932"
102,"50thStreetDM","40.63611","-73.99498","1916"
103,"51stStreet","40.757075","-73.971977","1918"
104,"52ndStreet","40.744036","-73.912864","1917"
105,"53rdStreet","40.643611","-74.015517","1915"
106,"55thStreet","40.631892","-73.995709","1916"
107,"57thStreetF","40.764259","-73.977213","1968"
108,"57thStreetNQRW","40.765461","-73.980088","1919"
109,"59thStreet","40.641078","-74.018181","1915"
110,"59thStreetColumbusCircle","40.767997","-73.981934","1904"
111,"63rdDriveRegoPark","40.73","-73.862","1936"
112,"65thStreet","40.749663","-73.897133","1936"
113,"66thStreetLincolnCenter","40.774","-73.982","1904"
114,"67thAvenue","40.726966","-73.853703","1936"
115,"68thStreetHunterCollege","40.767834","-73.964124","1918"
116,"69thStreet","40.746258","-73.89685","1917"
117,"71stStreet","40.619165","-73.998992","1916"
118,"72ndStreet123","40.779","-73.982","1904"
119,"72ndStreetABC","40.776154","-73.976011","1932"
120,"75thAvenue","40.71864","-73.837738","1936"
121,"75thStreet","40.691377","-73.866534","1917"
122,"77thStreet46","40.773587","-73.959875","1918"
123,"77thStreetR","40.628497","-74.025936","1916"
124,"79thStreet12","40.784","-73.98","1904"
125,"79thStreetDM","40.61339","-74.001514","1916"
126,"80thStreet","40.679434","-73.857822","1915"
127,"81stStreetMuseumofNaturalHistory","40.781971","-73.971763","1932"
128,"82ndStreetJacksonHeights","40.747631","-73.883828","1917"
129,"85thStreetForestParkway","40.692418","-73.86014","1917"
130,"86thStreet12","40.788","-73.976","1904"
131,"86thStreet456","40.779469","-73.955626","1918"
132,"86thStreetABC","40.785286","-73.969316","1932"
133,"86thStreetN","40.592656","-73.978261","1915"
134,"86thStreetR","40.622694","-74.028383","1916"
135,"88thStreet","40.679857","-73.850698","1915"
136,"90thStreetElmhurstAvenue","40.748333","-73.876389","1917"
137,"96thStreet123","40.794","-73.972","1904"
138,"96thStreet46","40.785773","-73.950949","1918"
139,"96thStreetABC","40.791622","-73.964725","1932"
140,"AlabamaAvenue","40.67683","-73.900008","1885"
141,"AllertonAvenue","40.865","-73.867","1917"
142,"AqueductRacetrack","40.672086","-73.835914","1956"
143,"AqueductNorthConduitAvenue","40.668325","-73.834034","1956"
144,"AstorPlace","40.729722","-73.991667","1904"
145,"AstoriaBoulevard","40.769979","-73.918161","1917"
146,"AstoriaDitmarsBoulevard","40.776089","-73.910737","1917"
147,"AtlanticAvenue","40.675724","-73.902969","1906"
148,"AtlanticAvenue_PacificStreet","40.684462","-73.978758","1908"
149,"AvenueH","40.630003","-73.962016","1907"
150,"AvenueI","40.625922","-73.976219","1919"
151,"AvenueJ","40.625276","-73.961372","1908"
152,"AvenueM","40.618289","-73.95961","1908"
153,"AvenueN","40.615044","-73.974219","1919"
154,"AvenueP","40.608739","-73.973014","1919"
155,"AvenueUF","40.59615","-73.973319","1919"
156,"AvenueUN","40.596494","-73.978967","1915"
157,"AvenueUQ","40.598875","-73.955841","1908"
158,"AvenueX","40.590142","-73.974125","1919"
159,"Bay50thStreet","40.589279","-73.984122","1917"
160,"BayParkwayDM","40.602655","-73.994293","1916"
161,"BayParkwayF","40.620861","-73.975231","1919"
162,"BayParkwayN","40.612886","-73.981992","1915"
163,"BayRidgeAvenue","40.633678","-74.023853","1915"
164,"BayRidge95thStreet","40.615667","-74.031361","1925"
165,"BaychesterAvenue","40.87864","-73.838639","1941"
166,"Beach105thStreet","40.583217","-73.827594","1956"
167,"Beach25thStreet","40.600061","-73.761424","1956"
168,"Beach36thStreet","40.595413","-73.768076","1956"
169,"Beach44thStreet","40.592928","-73.775986","1956"
170,"Beach60thStreet","40.592395","-73.788536","1956"
171,"Beach67thStreet","40.59092","-73.79681","1956"
172,"Beach90thStreet","40.588095","-73.813499","1956"
173,"Beach98thStreet","40.585441","-73.820186","1956"
174,"BedfordAvenue","40.717046","-73.956571","1924"
175,"BedfordParkBoulevard","40.872507","-73.887906","1933"
176,"BedfordParkBoulevardLehmanCollege","40.873545","-73.889837","1918"
177,"BedfordNostrandAvenues","40.689587","-73.953567","1937"
178,"BergenStreet234","40.680833","-73.97511","1920"
179,"BergenStreetFG","40.687253","-73.990006","1933"
180,"BeverleyRoad","40.644625","-73.964472","1900"
181,"BeverlyRoad","40.645122","-73.94906","1920"
182,"BleeckerStreet","40.725833","-73.994722","1904"
183,"Bowery","40.720299","-73.994079","1913"
184,"BowlingGreen","40.704106","-74.014521","1905"
185,"BriarwoodVanWyckBoulevard","40.709141","-73.820572","1937"
186,"BrightonBeach","40.577598","-73.961565","1878"
187,"BroadChannel","40.608618","-73.816","1956"
188,"BroadStreet","40.707059","-74.01073","1931"
189,"BroadwayJunction","40.678919","-73.903453","1885"
190,"BroadwayG","40.705433","-73.950219","1937"
191,"BroadwayLafayetteStreet","40.725112","-73.995667","1936"
192,"BroadwayNW","40.761951","-73.925414","1917"
193,"BronxParkEast","40.849","-73.868","1917"
194,"BrookAvenue","40.80754","-73.91932","1919"
195,"BrooklynBridgeCityHall","40.712778","-74.004722","1904"
196,"BrooklynCollegeFlatbushAvenue","40.632361","-73.947486","1920"
197,"BuhreAvenue","40.846995","-73.832331","1920"
198,"BurkeAvenue","40.871","-73.867","1917"
199,"BurnsideAvenue","40.853748","-73.90739","1917"
200,"BushwickAvenueAberdeenStreet","40.682851","-73.905158","1928"
201,"CanalStreet12","40.722","-74.006","1918"
202,"CanalStreet46X","40.718056","-74","1904"
203,"CanalStreetACE","40.72186","-74.005365","1932"
204,"CanarsieRockawayParkway","40.645382","-73.902626","1906"
205,"CarrollStreet","40.6802","-73.9948","1933"
206,"CastleHillAvenue","40.834139","-73.851686","1920"
207,"CathedralParkway110thStreet","40.804","-73.967","1904"
208,"CentralAvenue","40.698015","-73.9252","1889"
209,"CentralParkNorth110thStreet","40.798","-73.953","1904"
210,"ChambersStreet_WorldTradeCenter","40.712655","-74.009657","1932"
211,"ChambersStreet123","40.715517","-74.009233","1918"
212,"ChambersStreetJMZ","40.713037","-74.003858","1913"
213,"ChaunceyStreet","40.682623","-73.910136","1885"
214,"ChristopherStreetSheridanSquare","40.733","-74.003","1918"
215,"ChurchAvenue25","40.650755","-73.950005","1920"
216,"ChurchAvenueBQ","40.64966","-73.963646","1878"
217,"ChurchAvenueFG","40.642792","-73.979431","1933"
218,"CityHall","40.71324","-74.007082","1918"
219,"ClarkStreet","40.697397","-73.993049","1919"
220,"ClassonAvenue","40.688839","-73.960047","1937"
221,"ClevelandStreet","40.679629","-73.885589","1893"
222,"ClintonWashingtonAvenuesAC","40.683176","-73.965883","1936"
223,"ClintonWashingtonAvenuesG","40.688058","-73.96687","1937"
224,"ConeyIslandStillwellAvenue","40.577342","-73.981139","1919"
225,"CortelyouRoad","40.641597","-73.9643","1900"
226,"CortlandtStreet1","40.71","-74.012","1918"
227,"CortlandtStreetNRW","40.710735","-74.011245","1918"
228,"CourtStreet_BoroughHall","40.693655","-73.990216","1908"
229,"CrescentStreet","40.683665","-73.872414","1893"
230,"CrownHeightsUticaAvenue","40.668758","-73.931208","1920"
231,"CypressAvenue","40.805526","-73.914514","1919"
232,"CypressHills","40.689229","-73.873916","1893"
233,"DeKalbAvenueL","40.704294","-73.919277","1928"
234,"DeKalbAvenueX","40.690254","-73.982277","1915"
235,"DelanceyStreetEssexStreet","40.71851","-73.988199","1908"
236,"DitmasAvenue","40.636264","-73.978172","1919"
237,"DyckmanStreet1","40.861","-73.925","1906"
238,"DyckmanStreetA","40.865465","-73.927345","1932"
239,"East105thStreet","40.651308","-73.899021","1906"
240,"East143rdStreetSt.Mary'sStreet","40.808125","-73.907862","1919"
241,"East149thStreet","40.812088","-73.904171","1919"
242,"East180thStreet","40.841","-73.874","1917"
243,"EastBroadway","40.714216","-73.990259","1936"
244,"EastchesterDyreAvenue","40.889055","-73.830614","1941"
245,"EasternParkwayBrooklynMuseum","40.671622","-73.96275","1920"
246,"EighthAvenue","40.634558","-74.010694","1915"
247,"EighthStreetNYU","40.730543","-73.992448","1917"
248,"ElderAvenue","40.828553","-73.879194","1920"
249,"ElmhurstAvenue","40.741795","-73.88104","1936"
250,"EuclidAvenue","40.675366","-73.871899","1948"
251,"FarRockawayMottAvenue","40.603983","-73.755426","1958"
252,"FifthAvenue_53rdStreet","40.760326","-73.975754","1933"
253,"FifthAvenue_59thStreet","40.764779","-73.972621","1919"
254,"FifthAvenueBryantPark","40.753434","-73.980947","1926"
255,"FirstAvenue","40.731324","-73.982577","1924"
256,"FlushingAvenueG","40.699739","-73.950176","1937"
257,"FlushingAvenueJMZ","40.700683","-73.941979","1888"
258,"FlushingMainStreet","40.759522","-73.830317","1928"
259,"FordhamRoad4","40.862706","-73.901124","1917"
260,"FordhamRoadBD","40.862414","-73.897133","1933"
261,"ForestAvenue","40.704619","-73.901982","1915"
262,"ForestHills71stAvenue","40.721404","-73.844004","1936"
263,"FortHamiltonParkwayDM","40.640726","-73.994486","1916"
264,"FortHamiltonParkwayFG","40.651456","-73.975856","1933"
265,"FortHamiltonParkwayN","40.6321","-74.006525","1915"
266,"FourthAvenue_NinthStreet","40.670956","-73.991397","1915"
267,"FranklinAvenue_BotanicGarden","40.670711","-73.958545","1920"
268,"FranklinAvenueFultonStreet","40.681126","-73.955712","1896"
269,"FranklinStreet","40.719","-74.007","1918"
270,"FreemanStreet","40.83","-73.892","1904"
271,"FreshPondRoad","40.705953","-73.896704","1915"
272,"FultonStreet","40.686984","-73.976269","1937"
273,"FultonStreet_BroadwayNassauStreet","40.710206","-74.007744","1905"
274,"GatesAvenue","40.68949","-73.922067","1885"
275,"GrahamAvenue","40.714509","-73.944426","1924"
276,"GrandArmyPlaza","40.674584","-73.970518","1920"
277,"GrandAvenueNewtown","40.73695","-73.877521","1936"
278,"GrandCentral_42ndStreet","40.752283","-73.977519","1904"
279,"GrandStreetBD","40.718119","-73.993864","1967"
280,"GrandStreetL","40.711906","-73.940735","1924"
281,"GrantAvenue","40.676635","-73.86559","1956"
282,"GreenpointAvenue","40.730153","-73.954296","1933"
283,"GunHillRoad25","40.877","-73.866","1917"
284,"GunHillRoad5","40.87017","-73.845806","1941"
285,"HalseyStreetJZ","40.685682","-73.915458","1885"
286,"HalseyStreetL","40.696095","-73.905029","1928"
287,"Harlem148thStreet","40.824","-73.937","1968"
288,"HewesStreet","40.706669","-73.953009","1888"
289,"HighStreetBrooklynBridge","40.699129","-73.989862","1933"
290,"HoustonStreet","40.728592","-74.005322","1918"
291,"HowardBeachJFKAirport","40.660445","-73.830316","1956"
292,"HoytStreetFultonMall","40.690531","-73.985109","1908"
293,"HoytSchermerhornStreets","40.689022","-73.986142","1936"
294,"HuntersPointAvenue","40.742381","-73.949258","1916"
295,"HuntsPointAvenue","40.820565","-73.89164","1919"
296,"IntervaleAvenue","40.822","-73.897","1904"
297,"Inwood207thStreet","40.867672","-73.921165","1932"
298,"JacksonAvenue","40.816","-73.908","1904"
299,"JamaicaCenterParsons_Archer","40.702407","-73.799973","1988"
300,"JamaicaCenterParsonsArcher","40.702407","-73.799973","1988"
301,"Jamaica179thStreet","40.712459","-73.78448","1950"
302,"JamaicaVanWyck","40.705726","-73.809714","1988"
303,"JayStreetBoroughHall","40.693681","-73.987233","1933"
304,"JeffersonStreet","40.706994","-73.923569","1928"
305,"JunctionBoulevard","40.749175","-73.869097","1917"
306,"JuniusStreet","40.663615","-73.90151","1920"
307,"KewGardensUnionTurnpike","40.714151","-73.830786","1936"
308,"KingsHighwayBQ","40.609229","-73.95884","1908"
309,"KingsHighwayF","40.603186","-73.972344","1919"
310,"KingsHighwayN","40.603147","-73.980231","1915"
311,"KingsbridgeRoad4","40.867444","-73.897433","1917"
312,"KingsbridgeRoadBD","40.866146","-73.894343","1933"
313,"KingstonAvenue","40.669376","-73.942151","1920"
314,"KingstonThroopAvenues","40.679857","-73.940606","1936"
315,"KnickerbockerAvenue","40.698731","-73.918376","1889"
316,"KosciuszkoStreet","40.693167","-73.928633","1888"
317,"LafayetteAvenue","40.686268","-73.974466","1936"
318,"LawrenceStreetMetroTech","40.692158","-73.986311","1920"
319,"LexingtonAvenue_59thStreet","40.762471","-73.9679","1918"
320,"LexingtonAvenue53rdStreet","40.758343","-73.971033","1933"
321,"LexingtonAvenue63rdStreet","40.764649","-73.966398","1989"
322,"LibertyAvenue","40.674357","-73.896489","1948"
323,"LivoniaAvenue","40.663745","-73.90048","1906"
324,"LongIslandCityCourtSquare","40.746477","-73.943996","1933"
325,"LongwoodAvenue","40.816278","-73.896232","1919"
326,"LorimerStreetJMZ","40.704099","-73.947902","1888"
327,"LorimerStreetL","40.714021","-73.949404","1924"
328,"LowerEastSideSecondAvenue","40.723616","-73.991117","1936"
329,"MarbleHill225thStreet","40.874","-73.91","1907"
330,"MarcyAvenue","40.708361","-73.957944","1888"
331,"MetropolitanAvenue","40.712752","-73.951464","1937"
332,"MetsWilletsPoint","40.754558","-73.845581","1927"
333,"MiddleVillageMetropolitanAvenue","40.712232","-73.889194","1915"
334,"MiddletownRoad","40.843424","-73.836751","1920"
335,"MontroseAvenue","40.707612","-73.939877","1924"
336,"MorganAvenue","40.706279","-73.93198","1928"
337,"MorrisPark","40.854429","-73.860397","1941"
338,"MorrisonAvenueSoundview","40.829495","-73.874474","1920"
339,"MosholuParkway","40.879711","-73.884687","1918"
340,"MountEdenAvenue","40.844268","-73.914814","1917"
341,"MyrtleAvenue","40.696941","-73.935285","1888"
342,"MyrtleWilloughbyAvenues","40.694631","-73.949103","1937"
343,"MyrtleWyckoffAvenues","40.699511","-73.911166","1889"
344,"NassauAvenue","40.723811","-73.95082","1933"
345,"NeckRoad","40.595124","-73.95528","1907"
346,"NeptuneAvenue","40.580397","-73.974567","1920"
347,"NereidAvenue","40.898","-73.854","1917"
348,"NevinsStreet","40.688709","-73.980904","1908"
349,"NewLotsAvenue2345","40.666382","-73.882585","1922"
350,"NewLotsAvenueL","40.659025","-73.899364","1906"
351,"NewUtrechtAvenue_62ndStreet","40.626086","-73.997887","1915"
352,"NewkirkAvenue25","40.639912","-73.94846","1920"
353,"NewkirkAvenueBQ","40.6357","-73.963","1878"
354,"NinthAvenue","40.646575","-73.994674","1916"
355,"NorthernBoulevard","40.753239","-73.906918","1933"
356,"NorwoodAvenue","40.681582","-73.879151","1893"
357,"Norwood205thStreet","40.874908","-73.879452","1933"
358,"NostrandAvenue2345","40.6698","-73.95052","1920"
359,"NostrandAvenueAC","40.680345","-73.949575","1936"
360,"OceanParkway","40.576252","-73.968587","1917"
361,"OzoneParkLeffertsBoulevard","40.686203","-73.82422","1915"
362,"ParkPlace23","40.712492","-74.007683","1918"
363,"ParkPlaceS","40.674357","-73.957858","1900"
364,"Parkchester","40.832937","-73.862758","1920"
365,"ParksideAvenue","40.65535","-73.961651","1907"
366,"ParsonsBoulevard","40.70771","-73.802762","1937"
367,"PelhamBayPark","40.852871","-73.827138","1920"
368,"PelhamParkway25","40.857","-73.868","1917"
369,"PelhamParkway5","40.85813","-73.856063","1941"
370,"PennsylvaniaAvenue","40.664722","-73.894129","1920"
371,"PresidentStreet","40.668009","-73.950691","1920"
372,"PrinceStreet","40.724202","-73.997812","1917"
373,"ProspectAvenue25","40.819","-73.901","1904"
374,"ProspectAvenueDMNR","40.666789","-73.994079","1915"
375,"ProspectPark","40.661507","-73.962461","1878"
376,"QueensPlaza","40.748915","-73.937387","1933"
377,"QueensboroPlaza","40.750653","-73.940344","1917"
378,"RalphAvenue","40.678815","-73.92168","1936"
379,"RectorStreet1","40.708","-74.013","1918"
380,"RectorStreetNRW","40.70771","-74.013004","1918"
381,"RockawayAvenue2345","40.662541","-73.908892","1920"
382,"RockawayAvenueAC","40.67823","-73.910823","1936"
383,"RockawayBoulevard","40.680459","-73.843703","1915"
384,"RockawayParkBeach116thStreet","40.580725","-73.83618","1956"
385,"RooseveltAvenue_74thStreet","40.746764","-73.891519","1917"
386,"RooseveltIsland","40.759188","-73.953438","1989"
387,"SaratogaAvenue","40.661531","-73.915586","1920"
388,"SenecaAvenue","40.702765","-73.907733","1915"
389,"SeventhAvenueBROOK","40.679352","-73.973694","1920"
390,"SeventhAvenueFG","40.666831","-73.9816","1933"
391,"SeventhAvenueMANH","40.762959","-73.981891","1933"
392,"SheepsheadBay","40.587168","-73.953266","1908"
393,"ShepherdAvenue","40.674064","-73.880825","1948"
394,"SimpsonStreet","40.824","-73.893","1904"
395,"SixthAvenue","40.737328","-73.996796","1924"
396,"SmithNinthStreets","40.67425","-73.996842","1933"
397,"SouthFerry_WhitehallStreet","40.702472","-74.012833","1918"
398,"SpringStreet46","40.722222","-73.997222","1904"
399,"SpringStreetACE","40.725503","-74.004035","1932"
400,"St.LawrenceAvenue","40.831573","-73.867307","1920"
401,"SteinwayStreet","40.756685","-73.914256","1933"
402,"SterlingStreet","40.663061","-73.950863","1920"
403,"SutphinBoulevard","40.705726","-73.809714","1937"
404,"SutphinBoulevardArcherAvenueJFKAirport","40.700488","-73.80774","1988"
405,"SutterAvenue","40.668367","-73.901768","1906"
406,"SutterAvenueRutlandRoad","40.664884","-73.922882","1920"
407,"ThirdAvenue","40.733243","-73.987212","1924"
408,"ThirdAvenue138thStreet","40.810983","-73.927217","1919"
409,"ThirdAvenue149thStreet","40.816099","-73.917676","1905"
410,"TimesSquare_42ndStreet","40.756","-73.987","1904"
411,"TremontAvenue","40.849463","-73.905973","1933"
412,"UnionStreet","40.678108","-73.98391","1915"
413,"UticaAvenue","40.679239","-73.929062","1936"
414,"VanCortlandtPark242ndStreet","40.889347","-73.898549","1908"
415,"VanSiclenAvenue2345","40.665535","-73.888593","1922"
416,"VanSiclenAvenueAC","40.672697","-73.890266","1948"
417,"VanSiclenAvenueJZ","40.678002","-73.891726","1885"
418,"VernonBoulevardJacksonAvenue","40.74264","-73.95391","1915"
419,"Wakefield241stStreet","40.903","-73.85","1920"
420,"WallStreet23","40.706311","-74.009528","1918"
421,"WallStreet45","40.70771","-74.011717","1905"
422,"WestEighthStreetNewYorkAquarium","40.576178","-73.9758","1919"
423,"WestFarmsSquareEastTremontAvenue","40.84","-73.88","1904"
424,"WestFourthStreetWashingtonSquare","40.731682","-74.000945","1932"
425,"WestchesterSquareEastTremontAvenue","40.840567","-73.842072","1920"
426,"WhitlockAvenue","40.827514","-73.886147","1920"
427,"WilsonAvenue","40.688416","-73.904257","1928"
428,"WinthropStreet","40.657039","-73.950262","1920"
429,"WoodhavenBoulevardEGRV","40.73347","-73.870397","1936"
430,"WoodhavenBoulevardJZ","40.693622","-73.852158","1917"
431,"Woodlawn","40.886005","-73.878808","1918"
432,"Woodside61stStreet","40.745608","-73.902967","1917"
433,"YorkStreet","40.701529","-73.986783","1936"
434,"ZeregaAvenue","40.836769","-73.846793","1920"
1,"Abeno","34.641943","135.511873","1967"
2,"Abiko","34.598964","135.512783","1933"
3,"Asashiobashi","34.660833","135.448889","1961"
4,"Awaza","34.681484","135.486295","1961"
5,"Bentencho","34.669083","135.462667","1961"
6,"Cosmosquare","34.643056","135.4125","1961"
7,"Daido-Toyosato","34.7438","135.5444","2006"
8,"Daikokucho","34.6561","135.4977","1933"
9,"Dainichi","34.7492","135.5784","1983"
10,"Deto","34.608862","135.566225","1967"
11,"Dobutsuen-mae","34.648816","135.504411","1933"
12,"Dome-maeChiyozaki","34.670717","135.479321","1997"
13,"Ebisucho","34.656239","135.505637","1969"
14,"Esaka","34.7588","135.4967","1933"
15,"FerryTerminal","34.619242","135.434883","1981"
16,"Fukaebashi","34.679167","135.557222","1961"
17,"Fuminosato","34.6354","135.5181","1967"
18,"GamoYonchome","34.700366","135.546292","1990"
19,"Hanazonocho","34.6431","135.4959","1942"
20,"Higashi-Mikuni","34.7408","135.4987","1933"
21,"Higashi-Umeda","34.70103","135.499706","1967"
22,"Higobashi","34.691351","135.496388","1965"
23,"Hirabayashi","34.610556","135.458611","1981"
24,"Hirano","34.63075","135.551722","1967"
25,"Hommachi","34.681906","135.498978","1933"
26,"Imafuku-Tsurumi","34.7018","135.56","1990"
27,"Imazato","34.668666","135.54429","1969"
28,"Itakano","34.75992","135.547236","2006"
29,"Kadoma-minami","34.7171","135.5926","1990"
30,"Kire-Uriwari","34.6095","135.5519","1967"
31,"Kishinosato","34.634364","135.493848","1942"
32,"Kita-Tatsumi","34.652982","135.554962","1969"
33,"Kitahama","34.69159","135.506637","1969"
34,"Kitahanada","34.5816","135.5166","1933"
35,"Kitakagaya","34.621272","135.478849","1942"
36,"Komagawa-Nakano","34.6215","135.533036","1967"
37,"Kujo","34.675556","135.473889","1961"
38,"Kyobashi","34.696603","135.534122","1990"
39,"Matsuyamachi","34.6754","135.5126","1990"
40,"Midoribashi","34.680734","135.544639","1961"
41,"Minami-Tatsumi","34.643262","135.553297","1969"
42,"Minami-morimachi","34.697698","135.511017","1967"
43,"Miyakojima","34.709","135.5256","1967"
44,"Moriguchi","34.7379","135.5639","1967"
45,"Morinomiya","34.681096","135.533843","1961"
46,"Nagahara","34.604318","135.57395","1967"
47,"Nagahoribashi","34.6745","135.5061","1969"
48,"Nagai","34.611028","135.5125","1960"
49,"Nagata","34.678764","135.591907","1961"
50,"Nakafuto","34.63432","135.417352","1981"
51,"Nakamozu","34.556028","135.505139","1933"
52,"Nakatsu","34.711075","135.496929","1964"
53,"Nakazakicho","34.7068","135.5053","1967"
54,"Namba","34.666314","135.500275","1935"
55,"Nanko-higashi","34.613846","135.438638","1981"
56,"Nankoguchi","34.613811","135.445966","1981"
57,"Nippombashi","34.667147","135.506636","1969"
58,"Nishi-Nagahori","34.6755","135.4871","1969"
59,"Nishi-Umeda","34.699593","135.495661","1942"
60,"Nishinakajima-Minamigata","34.7265","135.4984","1933"
61,"Nishiohashi","34.6753","135.4937","1990"
62,"Nishitanabe","34.621627","135.515153","1933"
63,"Nodahanshin","34.694608","135.474881","1969"
64,"Noe-Uchindai","34.7091","135.5382","1967"
65,"Ogimachi","34.703809","135.5108","1969"
66,"OsakaBusinessPark","34.692134","135.529688","1990"
67,"Osakako","34.654","135.4345","1961"
68,"PortTown-higashi","34.630913","135.429196","1981"
69,"PortTown-nishi","34.630948","135.422823","1981"
70,"Sakaisuji-Hommachi","34.681861","135.506911","1961"
71,"Sakuragawa","34.668423","135.488838","1969"
72,"Sekime-Seiiku","34.7129","135.5465","2006"
73,"Sekime-Takadono","34.715195","135.545792","1967"
74,"Sembayashi-Omiya","34.724","135.5491","1967"
75,"Shigino","34.6926","135.5453","2006"
76,"Shimizu","34.722532","135.560689","2006"
77,"Shimmori-Furuichi","34.7152","135.558","2006"
78,"Shin-Fukae","34.6679","135.5541","1969"
79,"Shin-Osaka","34.733472","135.500083","1964"
80,"Shinkanaoka","34.5672","135.5148","1933"
81,"Shinsaibashi","34.675022","135.500308","1933"
82,"Shitennoji-maeYuhigaoka","34.6584","135.5139","1967"
83,"Shoji","34.6613","135.5565","1969"
84,"Showacho","34.633559","135.516964","1933"
85,"Suminoekoen","34.609167","135.471944","1942"
86,"Taishibashi-Imaichi","34.731381","135.554936","1967"
87,"Taisho","34.665806","135.479333","1990"
88,"Takaida","34.678611","135.573056","1961"
89,"Tamade","34.624062","135.490544","1942"
90,"Tamagawa","34.6893","135.4765","1969"
91,"Tamatsukuri","34.673523","135.532829","1990"
92,"Tanabe","34.6285","135.5255","1967"
93,"TanimachiKyuchome","34.666725","135.515741","1961"
94,"TanimachiRokuchome","34.674917","135.516937","1967"
95,"TanimachiYonchome","34.681906","135.517258","1961"
96,"Temmabashi","34.689022","135.517361","1967"
97,"Tengachaya","34.637189","135.496744","1993"
98,"TenjimbashisujiRokuchome","34.710604","135.510786","1967"
99,"Tennoji","34.647367","135.513911","1938"
100,"TradeCenter-mae","34.6388","135.4122","1981"
101,"Tsuruhashi","34.665238","135.529927","1969"
102,"Tsurumi-ryokuchi","34.7109","135.5805","1990"
103,"Umeda","34.702839","135.497743","1933"
104,"Yaominami","34.5972","135.5825","1967"
105,"Yodoyabashi","34.692317","135.501004","1933"
106,"Yokozutsumi","34.7034","135.5729","1990"
107,"Yotsubashi","34.674097","135.496778","1942"
108,"ZuikoYonchome","34.752322","135.544617","2006"
1,"Abbesses","2.338687778","48.88484852","1912"
2,"Alesia","2.326802909","48.82821768","1909"
3,"AlexandreDumas","2.39479","48.855907","1903"
4,"AlmaMarceau","2.300234","48.864904","1923"
5,"AnatoleFrance","2.285536","48.892022","1937"
6,"Anvers","2.344848812","48.88300713","1902"
7,"Argentine","2.290113","48.875339","1900"
8,"Arsenal","2.366746366","48.84916567","1904"
9,"ArtsetMetiers","2.356794","48.865285","1935"
10,"AsnieresGennevilliersLesCourtilles","2.283788323","48.93060576","1980"
11,"AssembleeNationale","2.321130037","48.86065457","1910"
12,"AubervilliersPantinQuatreChemins","2.392495573","48.90389694","1979"
13,"AvenueEmileZola","2.294511795","48.84697701","1913"
14,"Avron","2.397862673","48.85194019","1903"
15,"Balard","2.278212011","48.83597048","1937"
16,"BarbesRochechouart","2.350516","48.88364","1903"
17,"BasiliquedeSaintDenis","2.360845506","48.93809957","1976"
18,"Bastille","2.369077","48.853082","1900"
19,"BelAir","2.400912344","48.8413443","1909"
20,"Belleville","2.376946807","48.87208261","1903"
21,"Berault","2.428264","48.845371","1934"
22,"Bercy","2.380417585","48.83993028","1909"
23,"BibliothequeFrancoisMitterrand","2.376781","48.829823","1998"
24,"Billancourt","2.238177359","48.83208981","1934"
25,"BirHakeim","2.289332","48.853917","1906"
26,"Blanche","2.333703","48.883459","1902"
27,"BobignyPabloPicasso","2.449994","48.906538","1985"
28,"BobignyPantinRaymondQueneau","2.424928844","48.89540875","1985"
29,"Boissiere","2.290391922","48.86738609","1900"
30,"Bolivar","2.374921739","48.88050244","1911"
31,"BonneNouvelle","2.348874807","48.87063948","1931"
32,"Botzaris","2.388040423","48.87955169","1911"
33,"Boucicaut","2.286620736","48.84057816","1937"
34,"BoulogneJeanJaures","2.238877416","48.84227813","1980"
35,"BoulognePontdeSaintCloud","2.228331","48.840684","1981"
36,"Bourse","2.341369987","48.86873757","1904"
37,"BreguetSabin","2.370093763","48.85613345","1906"
38,"Brochant","2.31970042","48.8908555","1912"
39,"ButtesChaumont","2.381772101","48.87850037","1911"
40,"Buzenval","2.402045","48.851976","1933"
41,"Cadet","2.344875634","48.87613482","1910"
42,"Cambronne","2.302936614","48.84753654","1906"
43,"CampoFormio","2.358128428","48.83502241","1906"
44,"CardinalLemoine","2.351203","48.847139","1931"
45,"CarrefourPleyel","2.343926132","48.91994192","1952"
46,"CensierDaubenton","2.351774","48.840597","1930"
47,"ChampsElyseesClemenceau","2.313542","48.867531","1900"
48,"ChardonLagache","2.26621449","48.84513775","1913"
49,"CharentonEcoles","2.41386205","48.82148972","1942"
50,"CharlesdeGaulleEtoile","2.294981","48.873773","1900"
51,"CharlesMichels","2.286942","48.846591","1913"
52,"Charonne","2.384639382","48.85510281","1933"
53,"Chateaud'Eau","2.356148958","48.8729012","1908"
54,"ChateaudeVincennes","2.440136","48.844382","1934"
55,"ChateauLandon","2.362071276","48.87845627","1910"
56,"ChateauRouge","2.349552","48.88673","1908"
57,"Chatelet","2.347324","48.858352","1900"
58,"ChatillonMontrouge","2.301826179","48.81053942","1976"
59,"Chausseed'AntinLaFayette","2.333932221","48.87307232","1910"
60,"CheminVert","2.368348","48.856778","1931"
61,"Chevaleret","2.368082106","48.83493767","1909"
62,"Cite","2.346418","48.855637","1910"
63,"ClunyLaSorbonne","2.344583273","48.8510189","1930"
64,"ColonelFabien","2.37116","48.877136","1903"
65,"Commerce","2.294215","48.845093","1937"
66,"Concorde","2.322397","48.866176","1900"
67,"Convention","2.296795","48.837419","1910"
68,"CorentinCariou","2.381745279","48.89434013","1910"
69,"CorentinCelton","2.278985","48.826833","1934"
70,"Corvisart","2.350508273","48.82980683","1906"
71,"Courcelles","2.304339","48.879401","1902"
72,"Couronnes","2.379861","48.869521","1903"
73,"CourSaintEmilion","2.385935","48.833501","1998"
74,"CreteilL'Echat","2.449355721","48.79596297","1973"
75,"CreteilPrefecture","2.459317446","48.77977215","1974"
76,"CreteilUniversite","2.450785339","48.78975375","1974"
77,"Crimee","2.377070189","48.89158031","1910"
78,"CroixdeChavaux","2.435764","48.858055","1937"
79,"Danube","2.394201458","48.88180772","1911"
80,"Daumesnil","2.395792007","48.8396443","1909"
81,"DenfertRochereau","2.332727909","48.8339013","1906"
82,"Dugommier","2.389963567","48.83904937","1909"
83,"Dupleix","2.293610573","48.85039234","1906"
84,"Duroc","2.316479087","48.84682874","1923"
85,"EcoleMilitaire","2.306737304","48.85510987","1913"
86,"EcoleVeterinairedeMaisonsAlfort","2.421881855","48.81519006","1970"
87,"EdgarQuinet","2.325083613","48.84104773","1906"
88,"Eglised'Auteuil","2.269020081","48.8471694","1913"
89,"EglisedePantin","2.412917912","48.89362771","1942"
90,"EsplanadedelaDefense","2.249955","48.888361","1992"
91,"EtienneMarcel","2.350607514","48.86411131","1908"
92,"Europe","2.32238","48.878821","1904"
93,"Exelmans","2.259549201","48.84240522","1922"
94,"FaidherbeChaligny","2.38339752","48.8501576","1931"
95,"Falguiere","2.318286896","48.84456584","1910"
96,"FelixFaure","2.291004","48.842351","1937"
97,"FillesduCalvaire","2.366121411","48.86407249","1931"
98,"Fortd'Aubervilliers","2.40378499","48.91423986","1979"
99,"FranklinD.Roosevelt","2.30989","48.868977","1900"
100,"GabrielPeri","2.294388413","48.91657541","1980"
101,"Gaite","2.322637","48.838654","1937"
102,"Gallieni","2.416637","48.864936","1971"
103,"Gambetta","2.398451","48.864947","1905"
104,"Gared'Austerlitz","2.364970744","48.84262588","1906"
105,"Garedel'Est","2.358278632","48.87614188","1907"
106,"GaredeLyon","2.373929322","48.84472824","1900"
107,"GareduNord","2.354931","48.880575","1907"
108,"Garibaldi","2.331907153","48.90639693","1952"
109,"GeorgeV","2.300569","48.872013","1900"
110,"Glaciere","2.343384326","48.8311505","1906"
111,"Goncourt","2.370686531","48.86983144","1935"
112,"GrandsBoulevards","2.344341874","48.87142633","1931"
113,"GuyMoquet","2.327174","48.892221","1911"
114,"HavreCaumartin","2.327968","48.873465","1904"
115,"Hoche","2.403144","48.891494","1942"
116,"HoteldeVille","2.351525","48.857487","1900"
117,"Iena","2.293379903","48.86446597","1923"
118,"Invalides","2.314658","48.860764","1913"
119,"JacquesBonsergent","2.36060679","48.8712005","1906"
120,"Jasmin","2.267856002","48.85189783","1922"
121,"Jaures","2.370198369","48.88179008","1903"
122,"JavelAndreCitroen","2.278716","48.846165","1913"
123,"Jourdain","2.389507592","48.87519986","1935"
124,"JulesJoffrin","2.344781756","48.89243737","1912"
125,"Jussieu","2.355738","48.846052","1931"
126,"Kleber","2.293118","48.871138","1900"
127,"LaChapelle","2.360287607","48.88441111","1903"
128,"LaCourneuve8Mai1945","2.410668","48.920777","1987"
129,"LaDefense","2.240116596","48.89129109","1992"
130,"LaFourche","2.325875","48.8869","1911"
131,"LamarckCaulaincourt","2.338159","48.889139","1912"
132,"LaMottePicquetGrenelle","2.298089862","48.84914273","1906"
133,"LaMuette","2.273719311","48.85771818","1922"
134,"LaTourMaubourg","2.310398519","48.857667","1913"
135,"Laumiere","2.378524","48.885006","1942"
136,"LedruRollin","2.375160456","48.85152896","1931"
137,"LeKremlinBicetre","2.361849","48.810388","1982"
138,"LePeletier","2.339548767","48.87472003","1910"
139,"LesAgnettes","2.285891175","48.92303856","1980"
140,"LesGobelins","2.352467","48.835896","1930"
141,"LesHalles","2.345972657","48.8623962","1908"
142,"LesSablons","2.272432","48.880966","1937"
143,"Liberte","2.407022","48.825882","1942"
144,"Liege","2.326983","48.879626","1911"
145,"LouisBlanc","2.364839315","48.88113745","1910"
146,"LouiseMichel","2.288073","48.889273","1937"
147,"Lourmel","2.2818169","48.8386045","1937"
148,"LouvreRivoli","2.340283","48.86108","1900"
149,"Mabillon","2.335321605","48.85277499","1925"
150,"Madeleine","2.325000465","48.87048246","1910"
151,"MairiedeClichy","2.305342555","48.90395865","1980"
152,"MairiedeMontreuil","2.441847","48.862283","1937"
153,"MairiedeSaintOuen","2.333752513","48.91161864","1952"
154,"MairiedesLilas","2.416289449","48.87978806","1937"
155,"Mairied'Issy","2.273434","48.824152","1934"
156,"Mairied'Ivry","2.383386791","48.81112408","1946"
157,"MaisonBlanche","2.358531","48.822155","1930"
158,"MaisonsAlfortLesJuilliottes","2.446432","48.802567","1972"
159,"MaisonsAlfortStade","2.436073422","48.80868116","1970"
160,"MalakoffPlateaudeVanves","2.298344672","48.82284245","1976"
161,"MalakoffRueEtienneDolet","2.297301292","48.81470258","1976"
162,"Malesherbes","2.311002","48.882476","1910"
163,"Maraichers","2.40699023","48.85285088","1933"
164,"MarcadetPoissonniers","2.350028157","48.89036876","1908"
165,"MarcelSembat","2.243579328","48.83367001","1934"
166,"MarxDormoy","2.359909","48.891213","1916"
167,"MaubertMutualite","2.347936034","48.8501929","1930"
168,"Menilmontant","2.383618","48.866248","1903"
169,"MichelAngeAuteuil","2.263870239","48.84777129","1913"
170,"MichelAngeMolitor","2.261194","48.84496","1913"
171,"MichelBizot","2.40123421","48.83748523","1931"
172,"Mirabeau","2.271707654","48.84673872","1913"
173,"Miromesnil","2.314464748","48.87366684","1923"
174,"Miromesnil","2.314464748","48.87366684","1973"
175,"Monceau","2.308603","48.880319","1902"
176,"Montgallet","2.389974","48.844276","1931"
177,"MontparnasseBienvenue","2.323072","48.843466","1906"
178,"MoutonDuvernet","2.330325","48.832139","1909"
179,"Nation","2.3958","48.848389","1900"
180,"Nationale","2.362717688","48.83318272","1909"
181,"NotreDamedeLorette","2.337341309","48.87603956","1910"
182,"NotreDamedesChamps","2.328787744","48.84456761","1910"
183,"Oberkampf","2.368877","48.864545","1906"
184,"Odeon","2.338951","48.852066","1910"
185,"Olympiades","2.36828059","48.8272624","2007"
186,"Opera","2.3323524","48.87063595","1904"
187,"Ourcq","2.385747","48.886856","1942"
188,"PalaisRoyalMuseeduLouvre","2.336578","48.862644","1900"
189,"Parmentier","2.374381","48.865299","1904"
190,"Passy","2.285779","48.857445","1903"
191,"Pasteur","2.312681079","48.84283594","1906"
192,"Pelleport","2.401751876","48.86867053","1921"
193,"Pereire","2.299211","48.884648","1910"
194,"PereLachaise","2.387388","48.862921","1903"
195,"Pernety","2.318512201","48.83421027","1937"
196,"PhilippeAuguste","2.390938","48.858021","1903"
197,"Picpus","2.40049392","48.84515011","1909"
198,"PierreetMarieCurie","2.377893627","48.81591773","1946"
199,"Pigalle","2.337573","48.882255","1902"
200,"PlacedeClichy","2.327625","48.883809","1902"
201,"PlacedesFetes","2.392959595","48.87684044","1911"
202,"Placed'Italie","2.355692","48.831483","1906"
203,"PlaceMonge","2.352279","48.84359","1930"
204,"Plaisance","2.313740551","48.83155306","1937"
205,"Poissonniere","2.348445654","48.87707506","1910"
206,"PontdeLevalloisBecon","2.280787","48.897313","1937"
207,"PontdeNeuilly","2.259775","48.884968","1937"
208,"PontdeSevres","2.231034636","48.82974679","1934"
209,"PontMarie","2.357616127","48.8532868","1926"
210,"PontNeuf","2.341488","48.858676","1926"
211,"PorteDauphine","2.276768","48.871545","1900"
212,"Ported'Auteuil","2.25875","48.848025","1913"
213,"PortedeBagnolet","2.407278","48.864565","1971"
214,"PortedeChamperret","2.293487","48.885851","1911"
215,"PortedeCharenton","2.400400043","48.83278016","1931"
216,"PortedeChoisy","2.365292609","48.82031533","1930"
217,"PortedeClichy","2.313652039","48.89434542","1912"
218,"PortedeClignancourt","2.344945371","48.89703632","1908"
219,"PortedelaChapelle","2.359190583","48.89727437","1916"
220,"PortedelaVillette","2.385875881","48.89708922","1910"
221,"PortedeMontreuil","2.412244678","48.85379155","1933"
222,"PortedePantin","2.391814291","48.88847113","1942"
223,"PortedeSaintCloud","2.256956","48.838082","1934"
224,"PortedeSaintOuen","2.32870996","48.89677359","1911"
225,"PortedesLilas","2.406655","48.877183","1921"
226,"PortedeVanves","2.305884361","48.82794045","1937"
227,"PortedeVersailles","2.287841","48.832328","1910"
228,"PortedeVincennes","2.407759","48.847326","1900"
229,"Ported'Italie","2.360805","48.819196","1930"
230,"Ported'Ivry","2.370439768","48.82095992","1946"
231,"PorteDoree","2.406099737","48.83548144","1931"
232,"Ported'Orleans","2.325363","48.82319","1909"
233,"PorteMaillot","2.281925","48.877946","1900"
234,"PreSaintGervais","2.398914099","48.8802502","1911"
235,"Pyramides","2.334669828","48.86587224","1916"
236,"Pyramides","2.334669828","48.86587224","1998"
237,"Pyrenees","2.385259","48.873875","1935"
238,"QuaidelaGare","2.372773","48.837069","1909"
239,"QuaidelaRapee","2.365826","48.846539","1906"
240,"QuatreSeptembre","2.336633","48.869574","1904"
241,"Rambuteau","2.353905","48.861951","1935"
242,"Ranelagh","2.269634306","48.85501987","1922"
243,"Raspail","2.330606282","48.83919413","1906"
244,"ReaumurSebastopol","2.352388501","48.86624629","1904"
245,"Rennes","2.32776314","48.84819314","1910"
246,"Republique","2.363811","48.867503","1904"
247,"ReuillyDiderot","2.386447","48.847014","1900"
248,"RichardLenoir","2.371843","48.859772","1906"
249,"RichelieuDrouot","2.338741422","48.87198735","1928"
250,"Riquet","2.373578","48.88788","1910"
251,"Robespierre","2.423678","48.855683","1937"
252,"Rome","2.322052","48.882425","1902"
253,"RuedelaPompe","2.279051542","48.86391193","1922"
254,"RuedesBoulets","2.390151322","48.85181135","1933"
255,"RueduBac","2.325606644","48.85569049","1910"
256,"RueSaintMaur","2.379448","48.864335","1904"
257,"SaintAmbroise","2.374210954","48.86129512","1933"
258,"SaintAugustin","2.322133183","48.8744413","1923"
259,"SaintDenisPortedeParis","2.357769012","48.93021104","1976"
260,"SaintDenisUniversite","2.364","48.946","1998"
261,"SaintFargeau","2.404519916","48.87208261","1921"
262,"SaintFrancoisXavier","2.314475477","48.85195078","1923"
263,"SaintGeorges","2.337381542","48.87844922","1911"
264,"SaintGermaindesPres","2.333280444","48.8537739","1910"
265,"SaintJacques","2.337081","48.832913","1906"
266,"SaintLazare","2.32561","48.875684","1904"
267,"SaintMande","2.419019","48.846241","1934"
268,"SaintMarcel","2.360416353","48.83798838","1906"
269,"SaintMichel","2.343928814","48.85365036","1910"
270,"SaintPaul","2.360859","48.855214","1900"
271,"SaintPhilippeduRoule","2.310036421","48.87194148","1923"
272,"SaintPlacide","2.32691288","48.84684463","1910"
273,"SaintSebastienFroissart","2.36735791","48.86047987","1931"
274,"SaintSulpice","2.330651879","48.85090947","1910"
275,"Segur","2.306852639","48.84743417","1937"
276,"Sentier","2.346387","48.867569","1904"
277,"SevresBabylone","2.326655388","48.85150955","1910"
278,"SevresLecourbe","2.309475839","48.84563376","1906"
279,"Simplon","2.348201573","48.89338082","1908"
280,"Solferino","2.323224843","48.85824935","1910"
281,"Stalingrad","2.365824","48.884263","1903"
282,"StrasbourgSaintDenis","2.354008555","48.8695915","1908"
283,"SullyMorland","2.36189425","48.85142483","1931"
284,"Telegraphe","2.398433983","48.87546271","1935"
285,"Temple","2.360595","48.866488","1904"
286,"Ternes","2.298671","48.878178","1902"
287,"Tolbiac","2.357678","48.826665","1930"
288,"Trinited'Estienned'Orves","2.333197296","48.87630241","1910"
289,"Trocadero","2.287060618","48.86330141","1900"
290,"Tuileries","2.329617","48.864531","1900"
291,"Vaneau","2.321556509","48.84894681","1923"
292,"Varenne","2.314920723","48.85623757","1923"
293,"Vaugirard","2.301491","48.839649","1910"
294,"Vavin","2.328948677","48.84223223","1910"
295,"VictorHugo","2.285199","48.869817","1900"
296,"VillejuifLeoLagrange","2.363927364","48.80376846","1985"
297,"VillejuifLouisAragon","2.36756444","48.78717548","1985"
298,"VillejuifPaulVaillantCouturier","2.368248403","48.79599124","1985"
299,"Villiers","2.314867079","48.88113039","1902"
300,"Volontaires","2.307504416","48.84134253","1910"
301,"Voltaire","2.380106449","48.85780289","1933"
302,"Wagram","2.303668","48.884057","1910"
1,"Achasan","37.552161","127.08949","1995"
2,"Aeogae","37.553454","126.956667","1996"
3,"Ahyeon","37.557411","126.956158","1984"
4,"Amsa","37.550115","127.127513","1999"
5,"Anam","37.586265","127.029049","2000"
6,"Anguk","37.576496","126.985431","1985"
7,"Ansan","37.327163","126.788562","1985"
8,"Anyang","37.402222","126.9225","1979"
9,"Apgujeong","37.527077","127.028443","1985"
10,"ArtsCenter","37.449548","126.70102","1999"
11,"Asin","37.513445","127.444668","2009"
12,"Baebang","36.778441","127.054782","2008"
13,"Baegun","37.483572","126.707602","1984"
14,"Baekseok","37.643024","126.787961","1996"
15,"Baengma","37.658295","126.794436","2009"
16,"Bakchon","37.554217","126.745347","1999"
17,"Balsan","37.558611","126.837222","1996"
18,"Bangbae","37.481389","126.997778","1983"
19,"Banghak","37.667222","127.044167","1986"
20,"Banghwa","37.5775","126.812778","1996"
21,"Bangi","37.508756","127.126091","1996"
22,"Banpo","37.50816","127.011695","2000"
23,"Banwol","37.31218","126.903484","1988"
24,"Beomgye","37.38965","126.950614","1993"
25,"Beotigogae","37.548299","127.006942","2001"
26,"BITZone","37.378086","126.64537","2009"
27,"Bojeong","37.316348","127.1079","2004"
28,"Bokjeong","37.470166","127.126676","1996"
29,"Bokjeong","37.470166","127.126676","1994"
30,"Bomun","37.585283","127.019377","2000"
31,"Bongcheon","37.4825","126.941944","1984"
32,"Bonghwasan","37.617444","127.091147","2000"
33,"Bongmyeong","36.801141","127.135527","2008"
34,"Boramae","37.4999","126.920248","2000"
35,"Bosan","37.913745","127.05725","2006"
36,"Bucheon","37.484036","126.783063","1974"
37,"Bugae","37.488442","126.74099","1996"
38,"Bulgwang","37.610913","126.929496","1985"
39,"Bulgwang","37.610913","126.929496","2000"
40,"Bupyeong","37.489591","126.723387","1974"
41,"Bupyeong","37.489591","126.723387","1999"
42,"Bupyeong-guOffice","37.508432","126.720557","1999"
43,"BupyeongMarket","37.498338","126.722231","1999"
44,"Bupyeongsamgeori","37.477583","126.710182","1999"
45,"Byeongjeom","37.206667","127.033056","2003"
46,"CampusTown","37.387873","126.661656","2009"
47,"CentralPark","37.393124","126.634705","2009"
48,"Chang-dong","37.6525","127.046944","1986"
49,"Chang-dong","37.6525","127.046944","1985"
50,"Changsin","37.579804","127.015214","2000"
51,"Cheolsan","37.476097","126.868004","2000"
52,"Cheonan","36.80956","127.146621","2005"
53,"Cheonan-Asan","36.794383","127.104522","2008"
54,"Cheongdam","37.519087","127.05181","2000"
55,"Cheonggu","37.560211","127.013755","1996"
56,"Cheonggu","37.560211","127.013755","2000"
57,"Cheongnyangni","37.58","127.045","1974"
58,"Cheongnyangni","37.579167","127.046667","2005"
59,"Cheonho","37.538517","127.123767","1995"
60,"Cheonho","37.538517","127.123767","1999"
61,"Cheonwang","37.486241","126.838961","2000"
62,"ChildrensGrandPark","37.547725","127.074437","1996"
63,"Chungjeongno","37.56","126.963611","1984"
64,"Chungjeongno","37.56","126.963611","1996"
65,"Chungmuro","37.56127","126.994314","1985"
66,"Chungmuro","37.56127","126.994314","1985"
67,"CityHall","37.564722","126.976944","1974"
68,"CityHall","37.564722","126.976944","1984"
69,"CityHall","37.564722","126.976944","1984"
70,"Daebang","37.513333","126.926389","1984"
71,"Daecheong","37.493588","127.079512","1993"
72,"Daechi","37.494554","127.063445","1993"
73,"Daegok","37.630875","126.810533","1996"
74,"Daegok","37.630875","126.810533","2009"
75,"Daeheung","37.547686","126.942247","2000"
76,"Daehwa","37.676111","126.7475","1996"
77,"Daemosan","37.491362","127.072694","2003"
78,"Daerim","37.493333","126.895","1984"
79,"Daerim","37.493333","126.895","2000"
80,"Daeyami","37.328545","126.91734","1988"
81,"Dandaeogeori","37.445085","127.156717","1996"
82,"Danggogae","37.669583","127.079367","1993"
83,"Dangsan","37.534444","126.902222","1984"
84,"Dapsimni","37.566823","127.052642","1995"
85,"Deokgye","37.818726","127.056434","2007"
86,"Deokjeong","37.844397","127.061364","2006"
87,"Deokso","37.586576","127.209304","2005"
88,"DigitalMediaCity","37.576874","126.901794","2000"
89,"DigitalMediaCity","37.576649","126.901413","2009"
90,"Dobong","37.679167","127.045278","1986"
91,"Dobongsan","37.689444","127.045833","1986"
92,"Dobongsan","37.689444","127.045833","1996"
93,"Dogok","37.490868","127.055351","1993"
94,"Dogok","37.490868","127.055351","2003"
95,"Dohwa","37.466049","126.668774","2001"
96,"Dokbawi","37.618455","126.932983","2000"
97,"Doksan","37.465556","126.889722","1998"
98,"Dolgoji","37.610556","127.056445","2000"
99,"Dongam","37.471346","126.702892","1974"
100,"Dongchun","37.404147","126.680125","1999"
101,"Dongdaemun","37.570556","127.008333","1974"
102,"Dongdaemun","37.570556","127.008333","1985"
103,"DongdaemunStadium","37.565","127.007778","1983"
104,"DongdaemunStadium","37.565","127.007778","1985"
105,"DongdaemunStadium","37.565","127.007778","1996"
106,"Dongducheon","37.927913","127.054771","2006"
107,"Dongducheonjungang","37.902385","127.056279","2006"
108,"DonggukUniversity","37.559067","127.005435","1985"
109,"Dongincheon","37.475153","126.632864","1974"
110,"Dongjak","37.502713","126.980367","1985"
111,"Dongmak","37.397889","126.673994","1999"
112,"Dongmyo","37.572963","127.015622","1974"
113,"Dongmyo","37.572963","127.015622","2000"
114,"Dongnimmun","37.57437","126.958002","1985"
115,"Dongsu","37.48536","126.718336","1999"
116,"Donong","37.608767","127.161115","2005"
117,"Dorimcheon","37.514444","126.882778","1992"
118,"Dosim","37.579672","127.222162","2007"
119,"Dowon","37.468675","126.642314","1994"
120,"Dujeong","36.833889","127.149167","2005"
121,"Dunchon-dong","37.527796","127.13623","1996"
122,"Euljiro1-ga","37.566111","126.9825","1983"
123,"Euljiro3-ga","37.566294","126.992781","1983"
124,"Euljiro3-ga","37.566294","126.992781","1985"
125,"Euljiro4-ga","37.566667","126.998056","1983"
126,"Euljiro4-ga","37.566667","126.998056","1996"
127,"Eungam","37.598622","126.915559","2000"
128,"Eungam","37.598622","126.915559","2000"
129,"Eungbong","37.550833","127.035183","2005"
130,"EwhaWomansUniversity","37.556667","126.945833","1984"
131,"ExpressBusTerminal","37.504913","127.004909","1985"
132,"ExpressBusTerminal","37.503492","127.004684","2000"
133,"Gaebong","37.494626","126.858471","1974"
134,"Gaehwasan","37.572222","126.806111","1996"
135,"Gaepo-dong","37.489063","127.066026","2003"
136,"Gaerong","37.498053","127.134814","1996"
137,"Gajwa","37.568656","126.91525","2009"
138,"Galsan","37.517266","126.721501","1999"
139,"Ganeung","37.748333","127.044167","2006"
140,"Gangbyeon","37.535","127.094722","1980"
141,"Gangdong","37.535904","127.132244","1995"
142,"Gangdong-guOffice","37.530387","127.120453","1999"
143,"Gangmae","37.61155","126.843531","2009"
144,"Gangnam","37.497928","127.027583","1982"
145,"Gangnam-guOffice","37.517194","127.041253","2000"
146,"Ganseogogeori","37.467067","126.707929","1999"
147,"Ganseok","37.464729","126.694164","1994"
148,"GarakMarket","37.493039","127.118281","1996"
149,"GasanDigitalComplex","37.480465","126.88304","1979"
150,"GasanDigitalComplex","37.480465","126.88304","2000"
151,"Geoyeo","37.493298","127.143729","1996"
152,"Geumcheon-guOffice","37.455556","126.894167","1979"
153,"Geumchon","37.765855","126.773987","2009"
154,"Geumho","37.547993","127.015858","1985"
155,"Geumjeong","37.3725","126.943333","1988"
156,"Geumjeong","37.3725","126.943333","1988"
157,"Geumneung","37.75647","126.764873","2009"
158,"Gil-dong","37.538371","127.14021","1995"
159,"GimpoAirport","37.5625","126.800833","1996"
160,"Gireum","37.603323","127.024956","1985"
161,"Godeok","37.55504","127.154168","1995"
162,"Gojan","37.316817","126.823128","1988"
163,"Goksan","37.645496","126.801893","2009"
164,"Gongdan","37.320299","126.806265","1988"
165,"Gongdeok","37.543876","126.95098","1996"
166,"Gongdeok","37.543876","126.95098","2000"
167,"Gongneung","37.625559","127.072973","1996"
168,"GovernmentComplexGwacheon","37.426501","126.989653","1994"
169,"Gubeundari","37.545492","127.142866","1995"
170,"Guil","37.496111","126.869722","1995"
171,"Guksu","37.51624","127.39943","2008"
172,"Gunja","37.557124","127.079469","1995"
173,"Gunja","37.557124","127.079469","1996"
174,"Gunpo","37.353611","126.948611","1979"
175,"Gupabal","37.636762","126.918815","1985"
176,"Guri","37.603429","127.143831","2005"
177,"Guro","37.503056","126.882222","1974"
178,"GuroDigitalComplex","37.485278","126.901389","1984"
179,"Guryong","37.486888","127.059234","2003"
180,"Gusan","37.61124","126.917233","2000"
181,"Guui","37.538056","127.085833","1980"
182,"Gwacheon","37.432963","126.996256","1994"
183,"Gwanak","37.418889","126.909167","1979"
184,"Gwangheungchang","37.547453","126.931996","2000"
185,"Gwanghwamun","37.571594","126.976574","1996"
186,"Gwangmyeongsageori","37.479252","126.854786","2000"
187,"Gwangnaru","37.545326","127.103459","1995"
188,"Gyeongbokgung","37.575752","126.973549","1985"
189,"GyeonginNationalUniversity","37.538603","126.722675","1999"
190,"Gyesan","37.543331","126.728522","1999"
191,"Gyeyang","37.571389","126.736389","2007"
192,"Gyulhyeon","37.566347","126.742653","1999"
193,"Haengdang","37.557434","127.029666","1996"
194,"Haengsin","37.611316","126.834117","2009"
195,"Hagye","37.636363","127.068011","1996"
196,"Hak-dong","37.514287","127.03179","2000"
197,"Hangangjin","37.539826","127.001712","2001"
198,"Hangnyeoul","37.496567","127.070183","1993"
199,"HankukUniversity","37.595","127.062778","1980"
200,"Hannam","37.529131","127.008097","1980"
201,"HansungUniversity","37.588472","127.006202","1985"
202,"Hanti","37.496244","127.052829","2003"
203,"HanyangUniv-Ansan","37.309772","126.853581","1988"
204,"HanyangUniversity","37.555278","127.043611","1983"
205,"Hapjeong","37.549167","126.913611","1984"
206,"Hapjeong","37.549167","126.913611","2000"
207,"Hoegi","37.589167","127.057222","1980"
208,"Hoegi","37.589167","127.057222","2005"
209,"Hoehyeon","37.558523","126.978242","1985"
210,"Hoeryong","37.723611","127.047778","1986"
211,"HongikUniversity","37.556667","126.923611","1984"
212,"Hongje","37.588693","126.9442","1985"
213,"Hwagok","37.541667","126.840278","1996"
214,"Hwajeon","37.603525","126.867714","2009"
215,"Hwajeong","37.634553","126.832668","1996"
216,"Hwarangdae","37.62007","127.084823","2000"
217,"Hwaseo","37.285","126.988889","1979"
218,"Hyehwa","37.582176","127.001873","1985"
219,"HyochangPark","37.539269","126.961344","2000"
220,"Ichon","37.52254","126.97316","1985"
221,"Ichon","37.52254","126.97316","2005"
222,"Ilsan","37.682564","126.76873","2009"
223,"Imae","37.395731","127.128367","1994"
224,"Imhak","37.54505","126.738722","1999"
225,"Incheon","37.475883","126.616708","1975"
226,"IncheonBusTerminal","37.442266","126.699679","1999"
227,"IncheonCityHall","37.457248","126.702189","1999"
228,"Indeogwon","37.401631","126.976724","1993"
229,"InternationalBusinessDistrict","37.400045","126.630263","2009"
230,"Irwon","37.4837","127.084372","1993"
231,"Isu-ChongshinUniversity","37.485394","126.982158","1985"
232,"Isu-ChongshinUniversity","37.485394","126.982158","2000"
233,"Itaewon","37.534444","126.993889","2001"
234,"Jakjeon","37.530333","126.722575","1999"
235,"Jamsil","37.513333","127.100278","1980"
236,"Jamsil","37.513333","127.100278","1996"
237,"Jamwon","37.51287","127.011352","1985"
238,"Jangam","37.702583","127.054964","1996"
239,"Janghanpyeong","37.56144","127.064588","1995"
240,"Jangji","37.478042","127.126451","1996"
241,"Jangseungbaegi","37.504747","126.938851","2000"
242,"Jegi-dong","37.577778","127.034722","1974"
243,"Jemulpo","37.466783","126.6568","1974"
244,"Jeongbalsan","37.659675","126.773292","1996"
245,"Jeongja","37.366278","127.108122","1994"
246,"Jeongwang","37.351631","126.743098","1985"
247,"Jeungsan","37.584119","126.909894","2000"
248,"Jichuk","37.647989","126.913912","1990"
249,"Jihaeng","37.892222","127.055556","2006"
250,"Jije","37.018889","127.070278","2006"
251,"Jiksan","36.870833","127.143889","2005"
252,"Jinwi","37.110278","127.070278","2006"
253,"Jonggak","37.570278","126.983056","1974"
254,"Jongno3-ga","37.57","126.991667","1974"
255,"Jongno3-ga","37.57","126.991667","1985"
256,"Jongno3-ga","37.57","126.991667","1996"
257,"Jongno5-ga","37.570833","127.001944","1974"
258,"Juan","37.464942","126.679997","1974"
259,"Jukjeon","37.324859","127.107477","2004"
260,"Jungang","37.315958","126.838642","1988"
261,"Jung-dong","37.486573","126.764792","1987"
262,"Junggok","37.56582","127.084259","1996"
263,"Junggye","37.645152","127.064019","1996"
264,"Junghwa","37.602562","127.07926","1996"
265,"Jungnang","37.594984","127.076578","2005"
266,"Juyeop","37.670158","126.761244","1996"
267,"Kkachisan","37.531667","126.846667","1996"
268,"Kkachisan","37.531667","126.846667","1996"
269,"KonkukUniversity","37.539933","127.070607","1980"
270,"KonkukUniversity","37.539933","127.070607","1996"
271,"KoreaUniversity","37.590444","127.036291","2000"
272,"KyungwonUniversity","37.447778","127.126944","1994"
273,"Macheon","37.494992","127.152768","1996"
274,"Madeul","37.665113","127.057625","1996"
275,"Madu","37.652143","126.777624","1996"
276,"Maebong","37.48708","127.046971","1993"
277,"Magok","37.560224","126.824734","1996"
278,"Majang","37.5661","127.042905","1995"
279,"Mangu","37.5994","127.092161","2005"
280,"Mangwolsa","37.710278","127.0475","1986"
281,"Mangwon","37.556014","126.910082","2000"
282,"Mapo","37.539545","126.945906","1996"
283,"Mapo-guOffice","37.563511","126.90328","2000"
284,"Meokgol","37.610624","127.077726","1996"
285,"Mia","37.626477","127.026072","1985"
286,"Miasamgeori","37.613165","127.030052","1985"
287,"Migeum","37.349978","127.10895","1994"
288,"Mok-dong","37.52609","126.864828","1996"
289,"Mongchontoseong","37.5175","127.112417","1999"
290,"Moran","37.433572","127.128848","1996"
291,"Moran","37.431389","127.129722","1994"
292,"Muakjae","37.582312","126.950299","1985"
293,"Mullae","37.518889","126.895","1984"
294,"MunhakSportsComplex","37.434854","126.698542","1999"
295,"Munjeong","37.485858","127.122486","1996"
296,"Munsan","37.854576","126.788031","2009"
297,"Myeong-dong","37.560925","126.986396","1985"
298,"Myeonghak","37.385","126.935556","1979"
299,"Myeongil","37.551535","127.144008","1995"
300,"Myeonmok","37.588489","127.08751","1996"
301,"Naebang","37.487633","126.993563","2000"
302,"Nakseongdae","37.476944","126.963889","1983"
303,"NambuBusTerminal","37.484986","127.016249","1985"
304,"Namguro","37.486331","126.887476","2000"
305,"Namhansanseong","37.45158","127.159817","1996"
306,"Namseong","37.484602","126.971247","2000"
307,"Namtaeryeong","37.463856","126.989143","1994"
308,"Namyeong","37.540556","126.971389","1984"
309,"Neunggok","37.620499","126.819005","2009"
310,"Nogyang","37.758889","127.041944","2006"
311,"Nokbeon","37.600959","126.93566","1985"
312,"Nokcheon","37.644722","127.050833","1985"
313,"Noksapyeong","37.534722","126.986681","2000"
314,"Nonhyeon","37.511096","127.021356","2000"
315,"Noryangjin","37.514444","126.942778","1984"
316,"Nowon","37.65636","127.063553","1985"
317,"Nowon","37.65439","127.060516","1996"
318,"Obin","37.502338","127.476044","2009"
319,"Ogeum","37.502236","127.12769","1996"
320,"Oido","37.362163","126.737782","2000"
321,"Oksu","37.54061","127.01888","1985"
322,"Oksu","37.54061","127.01888","1985"
323,"OlympicPark","37.516211","127.130924","1996"
324,"Omokgyo","37.524512","126.875144","1996"
325,"Onsu","37.492171","126.822712","1988"
326,"Onsu","37.492171","126.822712","2000"
327,"Onyangoncheon","36.780556","127.003333","2008"
328,"Ori","37.339775","127.108942","1994"
329,"Oryu-dong","37.49452","126.845307","1974"
330,"Osan","37.145556","127.067222","2005"
331,"OsanCollege","37.169444","127.063056","2005"
332,"Paju","37.815221","126.792808","2009"
333,"Paldang","37.547376","127.243438","2007"
334,"Pungsan","37.672183","126.786207","2009"
335,"Pyeongchon","37.394297","126.963847","1993"
336,"Pyeongtaek","36.990831","127.085209","2005"
337,"Sadang","37.476389","126.981667","1983"
338,"Sadang","37.476389","126.981667","1985"
339,"Saejeol","37.591422","126.913692","2000"
340,"Sagajeong","37.580985","127.088503","1996"
341,"Samgakji","37.535543","126.973956","1985"
342,"Samgakji","37.535543","126.973956","2000"
343,"Samseong","37.508744","127.063519","1982"
344,"Samsong","37.653052","126.895657","1996"
345,"Sanbon","37.358049","126.933095","1988"
346,"Sangbong","37.595706","127.08567","1996"
347,"Sangbong","37.596892","127.085279","2005"
348,"Sangdo","37.502845","126.947885","2000"
349,"Sanggye","37.661057","127.073434","1985"
350,"Sangil-dong","37.556635","127.16574","1995"
351,"Sangnoksu","37.302797","126.866448","1988"
352,"Sangsu","37.547716","126.922946","2000"
353,"Sangwangsimni","37.564167","127.029444","1983"
354,"Sangwolgok","37.606225","127.048194","2000"
355,"Sanseong","37.457031","127.149909","1996"
356,"Sema","37.1875","127.043333","2005"
357,"Seobinggo","37.519569","126.988558","1980"
358,"Seocho","37.491944","127.008056","1983"
359,"Seodaemun","37.565637","126.9665","1996"
360,"Seohyeon","37.385117","127.123294","1994"
361,"Seojeong-ri","37.056389","127.053889","2005"
362,"Seokchon","37.505411","127.106946","1996"
363,"Seokgye","37.614722","127.065278","1985"
364,"Seokgye","37.614722","127.065278","2000"
365,"Seoksu","37.434444","126.9025","1979"
366,"Seolleung","37.50445","127.048986","1982"
367,"Seolleung","37.50445","127.048986","2003"
368,"Seonbawi","37.451712","127.002291","1994"
369,"Seongbuk","37.623056","127.061389","1985"
370,"Seonghwan","36.915556","127.127778","2005"
371,"Seongnae","37.520278","127.103889","1980"
372,"Seongsu","37.544444","127.056111","1980"
373,"Seonhak","37.427006","126.698978","1999"
374,"SeoulGrandPark","37.435659","127.006545","1994"
375,"SeoulNationalUniversity","37.481111","126.952778","1983"
376,"SeoulNatlUnivofEduc","37.493611","127.013611","1982"
377,"SeoulNatlUnivofEduc","37.493611","127.013611","1985"
378,"SeoulRacecoursePark","37.443701","127.007908","1994"
379,"SeoulStation","37.555023","126.972449","1974"
380,"SeoulStation","37.555023","126.972449","1985"
381,"Seryu","37.244167","127.014167","2003"
382,"Sillim","37.484167","126.929722","1984"
383,"Sinchang","36.769628","126.950811","2008"
384,"Sincheon","37.511389","127.086111","1980"
385,"Sinchon","37.555278","126.936944","1984"
386,"Sindaebang","37.487222","126.913056","1984"
387,"Sindaebangsamgeori","37.499691","126.928214","2000"
388,"Sindang","37.565331","127.016217","1983"
389,"Sindang","37.565331","127.016217","2000"
390,"Sindap","37.570038","127.046451","1983"
391,"Sindorim","37.509167","126.891111","1984"
392,"Sindorim","37.509167","126.891111","1984"
393,"Singeumho","37.554555","127.020455","1996"
394,"Singil","37.516944","126.9175","1998"
395,"Singil","37.516944","126.9175","1996"
396,"SingilOncheon","37.338513","126.765302","1985"
397,"Sinheung","37.440958","127.147645","1996"
398,"Sinimun","37.6025","127.0675","1980"
399,"Sinjeong","37.525018","126.856256","1996"
400,"Sinjeongnegeori","37.52","126.852778","1996"
401,"Sinpung","37.50007","126.909921","2000"
402,"Sinsa","37.516279","127.020053","1985"
403,"Sinseol-dong","37.574444","127.022778","1974"
404,"Sinseol-dong","37.574444","127.022778","1980"
405,"Sinwon","37.525856","127.372538","2008"
406,"Sinyeonsu","37.418042","126.693931","1999"
407,"Sinyongsan","37.529157","126.967884","1985"
408,"Songjeong","37.561111","126.811944","1996"
409,"Songnae","37.487616","126.753505","1974"
410,"Songpa","37.499785","127.112111","1996"
411,"Songtan","37.075278","127.054167","2005"
412,"SookmyungWomensUniv","37.544577","126.9721","1985"
413,"SoongsilUniversity","37.496274","126.953609","2000"
414,"Sosa","37.482712","126.795241","1997"
415,"Soyosan","37.948611","127.060833","2006"
416,"SportsComplex","37.511111","127.073611","1980"
417,"Ssangmun","37.648656","127.03473","1985"
418,"Ssangyong","36.793792","127.121197","2008"
419,"Sujin","37.437333","127.140554","1996"
420,"Sunae","37.378553","127.114275","1994"
421,"SungkyunkwanUniversity","37.300278","126.972222","1979"
422,"SungshinWomensUniv","37.592595","127.016319","1985"
423,"Suraksan","37.677728","127.055302","1996"
424,"Surisan","37.349605","126.925306","1988"
425,"Susaek","37.581761","126.893947","2009"
426,"Suseo","37.487305","127.101619","1993"
427,"Suseo","37.487305","127.101619","1994"
428,"Suwon","37.266111","126.999722","1979"
429,"Suyu","37.638041","127.02568","1985"
430,"Taepyeong","37.439444","127.128056","1994"
431,"Taereung","37.617631","127.075617","2000"
432,"Taereung","37.617631","127.075617","1996"
433,"Tanhyeon","37.692264","126.761112","2009"
434,"Technopark","37.382221","126.656302","2009"
435,"Ttukseom","37.547222","127.0475","1983"
436,"TtukseomResort","37.531595","127.066745","2000"
437,"Uijeongbu","37.738056","127.046111","1986"
438,"Uiwang","37.321111","126.948333","1979"
439,"Bugok","37.321111","126.948333","1979"
440,"Ujangsan","37.548889","126.836389","1996"
441,"Ungilsan","37.523418","127.296181","2008"
442,"UniversityofIncheon","37.386032","126.639447","2009"
443,"Unjeong","37.725252","126.767045","2009"
444,"Wangsimni","37.561667","127.037778","1983"
445,"Wangsimni","37.561667","127.037778","1995"
446,"Wangsimni","37.561667","127.037778","2005"
447,"Wolgok","37.601937","127.041478","2000"
448,"Wolgye","37.631667","127.058056","1985"
449,"Wollong","37.795034","126.7925","2009"
450,"Wondang","37.653332","126.843059","1996"
451,"Wondeok","37.468663","127.547128","2009"
452,"Woninjae","37.412406","126.687906","1999"
453,"WorldCupStadium","37.569459","126.899305","2000"
454,"Yaksu","37.554759","127.010611","1985"
455,"Yaksu","37.554759","127.010611","2001"
456,"Yangcheon-guOffice","37.512222","126.865556","1992"
457,"Yangjae","37.484522","127.033904","1985"
458,"Yangjeong","37.60458","127.19423","2005"
459,"Yangju","37.774444","127.044722","2006"
460,"YangpyeongL5","37.525554","126.88621","1996"
461,"Yangpyeong","37.492805","127.49181","2009"
462,"Yangsu","37.545849","127.328947","2008"
463,"Yangwon","37.60631","127.106951","2005"
464,"Yatap","37.411244","127.128682","1994"
465,"Yeokchon","37.606072","126.922726","2000"
466,"Yeokgok","37.485117","126.811586","1974"
467,"Yeoksam","37.500786","127.036886","1982"
468,"Yeongdeungpo","37.515556","126.907778","1984"
469,"Yeongdeungpo-guOffice","37.524039","126.89622","1984"
470,"Yeongdeungpo-guOffice","37.524039","126.89622","1996"
471,"YeongdeungpoMarket","37.522686","126.90505","1996"
472,"Yeonsinnae","37.618825","126.921358","1985"
473,"Yeonsinnae","37.618825","126.921358","2000"
474,"Yeouido","37.521661","126.924271","1996"
475,"Yeouinaru","37.527124","126.93294","1996"
476,"Yongdap","37.561895","127.050903","1983"
477,"Yongdu","37.573996","127.038093","2005"
478,"Yongmasan","37.573652","127.086732","1996"
479,"Yongmun","37.482253","127.594743","2009"
480,"Yongsan","37.53","126.964722","1984"
481,"Yongsan","37.53","126.964722","2005"
1,"AerospaceMuseum","31.0636","121.507","2009"
2,"AnshanXincun","31.2753","121.504","2007"
3,"Anting","31.290278","121.156944","2010"
4,"BaiyinRoad","31.346944","121.240556","2009"
5,"BaoanHighway","31.3711","121.426","2007"
6,"BaoshanRoad","31.2533","121.471","2000"
7,"BaoyangRoad","31.3969","121.474","2000"
8,"Beiqiao","31.0469","121.405","2003"
9,"Beixinjing","31.2178","121.372","2000"
10,"BeiyangjingRoad","31.241111","121.5475","2007"
11,"BoxingRoad","31.2656","121.582","2007"
12,"CaobaoRoad","31.1703","121.431","2007"
13,"CaohejingHi-TechPark","31.1728","121.393","2007"
14,"CaoxiRoad","31.1786","121.433","2000"
15,"CaoyangRoad","31.2411","121.413","2000"
16,"CenturyAvenue","31.2311","121.522","2000"
17,"CenturyPark","31.2119","121.547","2000"
18,"ChangpingRoad","31.236389","121.437222","2009"
19,"ChangqingRoad","31.1772","121.483","2009"
20,"ChangshouRoad","31.241944","121.433333","2009"
21,"ChangshuRoad","31.215","121.446","1995"
22,"ChangzhongRoad","31.305","121.408333","2009"
23,"ChengshanRoad","31.1722","121.491","2009"
24,"ChifengRoad","31.2828","121.478","2000"
25,"ChuanchangRoad","31.185","121.453","2009"
26,"Chuansha","31.1883","121.693","2010"
27,"ChunshenRoad","31.1","121.381","2003"
28,"Dabaishu","31.2911","121.479","2000"
29,"DachangTown","31.295","121.411389","2009"
30,"DahuasanRoad","31.2764","121.418","2009"
31,"DalianRoad","31.2606","121.508","2005"
32,"DamuqiaoRoad","31.1958","121.459","2005"
33,"Dapuqiao","31.2075","121.463889","2007"
34,"Dashijie","31.2294","121.473","2007"
35,"DepingRoad","31.2475","121.559","2007"
36,"DonganRoad","31.1925","121.45","2005"
37,"DongbaoxingRoad","31.2614","121.476","2000"
38,"DongchangRoad","31.2358","121.51","2000"
39,"DongchuanRoad","31.02","121.415","2003"
40,"Dongjing","31.0869","121.226","2007"
41,"DongjingRoad","31.2928","121.584","2007"
42,"DongmingRoad","31.175","121.506111","2007"
43,"EastHuaxiaRoad","31.1989","121.677","2010"
44,"EastNanjingRoad","31.239722","121.479722","1999"
45,"EastXujing","31.190556","121.295278","2010"
46,"EastYingaoRoad","31.3236","121.502","2010"
47,"FanghuaRoad","31.195556","121.545833","2009"
48,"FengqiaoRoad","31.243889","121.405833","2009"
49,"FujinRoad","31.393889","121.420278","1995"
50,"GangchengRoad","31.355","121.57","2007"
51,"GaoqingRoad","31.158611","121.5125","2007"
52,"GongfuXincun","31.355048","121.434202","2007"
53,"GongkangRoad","31.318889","121.443056","1995"
54,"GuanglanRoad","31.2131","121.619","2010"
55,"GucunPark","31.346389","121.368056","2010"
56,"GuilinRoad","31.1767","121.412","2007"
57,"GuoquanRoad","31.291389","121.505556","2010"
58,"HailunRoad","31.2606","121.484","2007"
59,"HaitiansanRoad","31.1703","121.793","2010"
60,"HangjinRoad","31.3372","121.59","2007"
61,"HangzhongRoad","31.166944","121.349167","1995"
62,"HanzhongRoad","31.2436","121.452","1995"
63,"HechuanRoad","31.1686","121.379","2007"
64,"HengshanRoad","31.2081","121.443","1995"
65,"HongkouFootballStadium","31.2728","121.474","2007"
66,"HongqiaoAirportTerminal1","31.1933","121.342","2010"
67,"HongqiaoAirportTerminal2","31.1969","121.326","2010"
68,"HongqiaoRailwayStation","31.1958","121.308","2010"
69,"HongqiaoRoad","31.1994","121.416","2000"
70,"Houtan","31.1742","121.469","2010"
71,"HuamuRoad","31.212222","121.558611","2009"
72,"HuangxingPark","31.2975","121.529","2007"
73,"HuangxingRoad","31.2811","121.524","2007"
74,"HuaningRoad","31.0092","121.39","2003"
75,"HulanRoad","31.3417","121.433","1995"
76,"JiadingXincheng","31.3325","121.249444","2009"
77,"JianchuanRoad","31.0281","121.412","2009"
78,"JiangpuRoad","31.2772","121.512","2007"
79,"JiangsuRoad","31.2217","121.427","2000"
80,"JiangwanStadium","31.305833","121.509444","2010"
81,"JiangwanTown","31.3072","121.481","2000"
82,"JiangyueRoad","31.0861","121.504","2009"
83,"JiaoTongUniversity","31.2039","121.43","2010"
84,"JiashanRoad","31.204722","121.455833","2007"
85,"JinganTemple","31.225","121.442","2000"
86,"JinjiangPark","31.1439","121.409","1995"
87,"JinkeRoad","31.2064","121.597","2010"
88,"JinpingRoad","31.0131","121.405","2003"
89,"JinqiaoRoad","31.2592","121.577","2007"
90,"JinshajiangRoad","31.2342","121.408","2000"
91,"JinxiuRoad","31.189722","121.534722","2009"
92,"Jiuting","31.1394","121.314","2007"
93,"JiyangRoad","31.155278","121.475","2010"
94,"JufengRoad","31.2828","121.584","2007"
95,"LancunRoad","31.2139","121.523","2005"
96,"LangaoRoad","31.258333","121.416944","2009"
97,"Laoximen","31.220278","121.479167","2007"
98,"LianhangRoad","31.0756","121.506","2009"
99,"LianhuaRoad","31.1325","121.398","1995"
100,"LingkongRoad","31.1944","121.719","2010"
101,"LingzhaoXincun","31.1425","121.485","2009"
102,"LinpingRoad","31.2669","121.495","2005"
103,"LinyiXincun","31.194722","121.511667","2007"
104,"Liziyuan","31.270556","121.385556","2009"
105,"LongbaiXincun","31.178611","121.365556","2010"
106,"LongcaoRoad","31.1714","121.439","2000"
107,"LongdeRoad","31.231111","121.418056","2009"
108,"LongxiRoad","31.195833","121.375","2010"
109,"LongyangRoad","31.2053","121.554","2000"
110,"LoushanguanRoad","31.2133","121.395","2000"
111,"LubanRoad","31.2014","121.471","2005"
112,"LuhengRoad","31.12","121.494","2005"
113,"LujiabangRoad","31.2139","121.481","2007"
114,"Lujiazui","31.2397","121.497","1999"
115,"LuonanXincun","31.3906","121.353","2010"
116,"MadangRoad","31.2114","121.472","2009"
117,"Malu","31.321667","121.2725","2009"
118,"MeilanLake","31.4036","121.345","2010"
119,"MiddleChuangxinRoad","31.2156","121.669","2010"
120,"MiddleYanggaoRoad","31.229722","121.544444","2010"
121,"MiddleYanjiRoad","31.2897","121.531","2007"
122,"MinhangDevelopmentZone","31.0025","121.365","2003"
123,"MinshengRoad","31.238056","121.538611","2007"
124,"NanchenRoad","31.32333","121.39306","2009"
125,"NanpuBridge","31.2122","121.497","2005"
126,"Nanxiang","31.298611","121.318611","2009"
127,"NenjiangRoad","31.3161","121.527","2007"
128,"NorthJiading","31.3933","121.232","2009"
129,"NorthJiangyangRoad","31.409167","121.434722","2000"
130,"NorthSichuanRoad","31.251956","121.483984","2010"
131,"NorthWaigaoqiaoFreeTradeZone","31.3497","121.583","2007"
132,"NorthXizangRoad","31.2675","121.467","2007"
133,"NorthZhongshanRoad","31.2611","121.454","1995"
134,"OuterRingRoad","31.122778","121.388056","1995"
135,"PengpuXincun","31.306678","121.449308","1995"
136,"PeoplesSquare","31.235833","121.468889","2005"
137,"PudianRoad","31.2244","121.528","2005"
138,"PudianRoad2","31.2244","121.528","2005"
139,"PudongAvenue","31.2419","121.515","2005"
140,"PudongInternationalAirport","31.1539","121.801","2010"
141,"PujiangTown","31.0983","121.502","2009"
142,"Qibao","31.1569","121.343","2007"
143,"QilianshanRoad","31.273333","121.369722","1800"
144,"QufuRoad","31.2447","121.467","2007"
145,"QuyangRoad","31.2781","121.485","2007"
146,"SanmenRoad","31.3153","121.503","2010"
147,"ShangchengRoad","31.233056","121.509722","2009"
148,"ShangdaRoad","31.3153","121.404","2009"
149,"ShanghaiAutomobileCity","31.287222","121.176111","2009"
150,"ShanghaiChildrensMedicalCenter","31.2047","121.519","2007"
151,"ShanghaiCircuit","31.333611","121.221389","2009"
152,"ShanghaiCircusWorld","31.2808","121.448","1995"
153,"ShanghaiIndoorStadium","31.1836","121.432","1995"
154,"ShanghaiLibrary","31.209444","121.438611","2010"
155,"ShanghaiRailwayStation","31.251667","121.452778","1995"
156,"ShanghaiScienceandTechnologyMuseum","31.2217","121.539","2000"
157,"ShanghaiSouthRailwayStation","31.1553","121.426","2006"
158,"ShanghaiStadium","31.1869","121.438","2005"
159,"ShanghaiUniversity","31.3219","121.382","2009"
160,"ShanghaiWestRailwayStation","31.265278","121.396111","2009"
161,"ShanghaiZoo","31.192222","121.363056","2010"
162,"ShangnanRoad","31.150833","121.501944","2007"
163,"Sheshan","31.1131","121.224","2007"
164,"ShiguangRoad","31.323611","121.5275","2007"
165,"ShilongRoad","31.16","121.438","2000"
166,"ShuichanRoad","31.3839","121.483","2000"
167,"ShuichengRoad","31.201111","121.386944","2010"
168,"Sijing","31.1328","121.261","2007"
169,"SipingRoad","31.2769","121.497","2007"
170,"SongbinRoad","31.3728","121.488","2000"
171,"SongfaRoad","31.344438","121.500249","2000"
172,"SonghongRoad","31.220278","121.3525","2010"
173,"SongjiangUniversityTown","31.056389","121.228611","2007"
174,"SongjiangXincheng","31.032778","121.226111","2007"
175,"SongyuanRoad","31.198333","121.407222","2010"
176,"SouthChangjiangRoad","31.3333","121.486","2000"
177,"SouthHuangpiRoad","31.225","121.469","1995"
178,"SouthLingyanRoad","31.150833","121.490278","2007"
179,"SouthShaanxiRoad","31.2189","121.454","1995"
180,"SouthWaigaoqiaoFreeTradeZone","31.3236","121.598","2007"
181,"SouthXizangRoad","31.205","121.483","2007"
182,"SouthYanggaoRoad","31.19","121.518611","2009"
183,"Tangqiao","31.2119","121.514","2005"
184,"Tangzhen","31.2161","121.652","2010"
185,"TaopuXincun","31.2825","121.351944","1800"
186,"TiantongRoad","31.245278","121.477222","2010"
187,"TieliRoad","31.41","121.456","2000"
188,"TongheXincun","31.3319","121.437","1995"
189,"TongjiUniversity","31.284444","121.502222","2010"
190,"WeiningRoad","31.2167","121.381","2000"
191,"WenjingRoad","31.0053","121.376","2003"
192,"WenshuiRoad","31.2944","121.446","1995"
193,"WestGaokeRoad","31.187222","121.505278","2007"
194,"WestHuaxiaRoad","31.152778","121.513333","2010"
195,"WestJiading","31.378889","121.223056","2009"
196,"WestNanjingRoad","31.2311","121.456","2000"
197,"WestYananRoad","31.2114","121.412","2000"
198,"WestYingaoRoad","31.3236","121.479","2000"
199,"WestYouyiRoad","31.3831","121.423","2007"
200,"Wujiaochang","31.300278","121.510556","2010"
201,"WulianRoad","31.2739","121.583","2007"
202,"WuweiRoad","31.277778","121.36","2009"
203,"WuzhouAvenue","31.3047","121.585","2007"
204,"XiangyinRoad","31.3075","121.527","2007"
205,"Xiaonanmen","31.2192","121.494","2007"
206,"XincunRoad","31.265833","121.4175","1800"
207,"XingzhiRoad","31.286111","121.416667","2009"
208,"XingzhongRoad","31.1603","121.364","2007"
209,"Xinjiangwancheng","31.3303","121.502","2010"
210,"Xintiandi","31.218333","121.47","2010"
211,"XinzhaRoad","31.2406","121.463","1996"
212,"Xinzhuang","31.1131","121.381","1996"
213,"Xujiahui","31.19454","121.4379","1993"
214,"YanchangRoad","31.2731","121.451","2007"
215,"YangshupuRoad","31.253333","121.513056","2005"
216,"Yangsi","31.1628","121.489","2009"
217,"YaohuaRoad","31.1803","121.489","2007"
218,"YiliRoad","31.200556","121.399444","2010"
219,"YinduRoad","31.0911","121.385","2003"
220,"YishanRoad","31.1886","121.422","2001"
221,"YoudianXincun","31.270278","121.489722","2010"
222,"YouyiRoad","31.4064","121.471","2006"
223,"YuandongAvenue","31.2014","121.753","2010"
224,"YuanshenStadium","31.235","121.529722","2007"
225,"YunshanRoad","31.2525","121.568","2009"
226,"YuntaiRoad","31.1838","121.495","2009"
227,"YuyuanGarden","31.2303","121.482","2010"
228,"Zhanghuabang","31.3597","121.494","2006"
229,"ZhangjiangHi-TechPark","31.2031","121.581","2000"
230,"ZhaojiabangRoad","31.2014","121.445","2009"
231,"ZhenpingRoad","31.2483","121.425","2000"
232,"Zhenru","31.251667","121.402778","2009"
233,"ZhongchunRoad","31.1503","121.331","2007"
234,"ZhongshanPark","31.2197","121.411","2000"
235,"ZhongtanRoad","31.2564","121.436","2000"
236,"ZhongxingRoad","31.2553","121.464","2007"
237,"ZhouhaiRoad","31.3144","121.585","2007"
238,"Zhuanqiao","31.0686","121.397","2003"
239,"ZitengRoad","31.171111","121.359444","2010"
